goods_id,workbook,imgs,sku,name,category,description,recipe_card,tag
KR6sWiYTu6YEjZ3M,aglOZaREQrwSukAz,"[{'name': '10.18-starbucks31504', 'url': 'https://starbucks.joywok.com/openfile/getfile?type=jw_n_maker&id=2M3vem4wrGn5ECBR'}, {'name': '1', 'url': 'https://starbucks.joywok.com/api/file/download?id=Ta81GnKTSRbjviKA'}, {'name': '3', 'url': 'https://starbucks.joywok.com/api/file/download?id=vpjyd0B5xuISzul4'}, {'name': '4', 'url': 'https://starbucks.joywok.com/api/file/download?id=oJUhJHaoH85H55Bk'}, {'name': '组 2', 'url': 'https://starbucks.joywok.com/api/file/download?id=6O5CnedGH4IyALtC'}]",11154796,冬日系列雪花款塑料吸管杯 710ml ,商品,“710”吸管杯的新成员雪花造型切面配上鎏光插卡搭配梦幻紫冰晶配色给节日带来闪耀心情,[],"11/3上市
冬日系列"
lW36zZxT6KJzh0ly,aglOZaREQrwSukAz,"[{'name': '09280366', 'url': 'https://starbucks.joywok.com/openfile/getfile?type=jw_n_maker&id=TSbo8gWq5oE5QrLr'}, {'name': '1', 'url': 'https://starbucks.joywok.com/api/file/download?id=UPU3V4yLLT16s3ed'}, {'name': '3', 'url': 'https://starbucks.joywok.com/api/file/download?id=4KIFOAr50k8TcXXW'}, {'name': '4', 'url': 'https://starbucks.joywok.com/api/file/download?id=vRxplcxFEtGQnhwt'}, {'name': '组 2', 'url': 'https://starbucks.joywok.com/api/file/download?id=3MboZ83GDnWUWX5Y'}]",11154839,冬日系列雪花款玻璃杯 360ml,商品,紫色渐变玻璃杯身落满雪花为你承包一整个冬日的浪漫搭配造型把手，高级又好握,[],"11/3上市
冬日系列"
PfDCSnws7UqKPctx,aglOZaREQrwSukAz,"[{'name': '10.18 starbucks31377', 'url': 'https://starbucks.joywok.com/openfile/getfile?type=jw_n_maker&id=StPnZ5RuEMXhkfiF'}, {'name': '1', 'url': 'https://starbucks.joywok.com/api/file/download?id=0xZmS3mB5h9c2REG'}, {'name': '2', 'url': 'https://starbucks.joywok.com/api/file/download?id=pWrLIRUWj7swFdkN'}, {'name': '3', 'url': 'https://starbucks.joywok.com/api/file/download?id=nt6gr4Y8An8biyhI'}, {'name': '4', 'url': 'https://starbucks.joywok.com/api/file/download?id=5dNnFKpszHSA3Y4g'}, {'name': '组 2', 'url': 'https://starbucks.joywok.com/api/file/download?id=1rmtH0BZYuKcV4ky'}]",11154849,冬日系列雪花款杯盖马克杯 410ml,商品,几何切面杯身金色立体雪花杯盖给你更加精致的节日气氛,[],"11/3上市
冬日系列"
wq3RSZ8fWqtB83tp,aglOZaREQrwSukAz,"[{'name': '10.18-starbucks31355', 'url': 'https://starbucks.joywok.com/openfile/getfile?type=jw_n_maker&id=DKyHplQoGYvLUU0W'}, {'name': '1', 'url': 'https://starbucks.joywok.com/api/file/download?id=5A4oOgqL1iVcKgTn'}, {'name': '2', 'url': 'https://starbucks.joywok.com/api/file/download?id=sos8fltUg0kOblAp'}, {'name': '4', 'url': 'https://starbucks.joywok.com/api/file/download?id=RDCNuegqzfoPipIl'}, {'name': '5', 'url': 'https://starbucks.joywok.com/api/file/download?id=pE4vTLRnzPwO2KUR'}, {'name': '组 2', 'url': 'https://starbucks.joywok.com/api/file/download?id=dQ7oxT9fQ3WHBe1g'}]",11154815,冬日系列白色款不锈钢随行杯1000ml ,商品,1000ml大容量不锈钢杯可车载也可户外使用，随时随地享用温暖热饮内盖一键按下轻松倒水，杯盖可做直饮水杯杯身复古感十足，通体白色，简约质感,[],"11/3上市
冬日系列"
4zP33chBKvrYdHN7,aglOZaREQrwSukAz,"[{'name': '10.18 starbucks31371', 'url': 'https://starbucks.joywok.com/openfile/getfile?type=jw_n_maker&id=FFtxM9zy9mDqMFGH'}, {'name': '1', 'url': 'https://starbucks.joywok.com/api/file/download?id=ibRClBETwIbTVyGf'}, {'name': '2', 'url': 'https://starbucks.joywok.com/api/file/download?id=uFSZDBy28vA1Gv7o'}, {'name': '3', 'url': 'https://starbucks.joywok.com/api/file/download?id=vO5R70sVz8FonPz8'}, {'name': '4', 'url': 'https://starbucks.joywok.com/api/file/download?id=IdoCHV4gB0q7VAIc'}, {'name': '6', 'url': 'https://starbucks.joywok.com/api/file/download?id=Rwf5OMlMP6fDcEXK'}, {'name': '组 2', 'url': 'https://starbucks.joywok.com/api/file/download?id=9LNQZ9G25TmmAAAC'}]",11154816,冬日系列雪融款不锈钢随行杯350ml ,商品,红白渐变沉浸感受冬日世界Contigo不锈钢保温杯直饮口设计配置autoseal按键和锁扣设计（荣获红点奖）防漏防撒随时享受一杯醇香咖啡,[],"11/3上市
冬日系列"
N841hRDyhAaoVCE5,aglOZaREQrwSukAz,"[{'name': '10.18 starbucks31217', 'url': 'https://starbucks.joywok.com/openfile/getfile?type=jw_n_maker&id=5o7XMJwZ8zXViKqm'}, {'name': '1', 'url': 'https://starbucks.joywok.com/api/file/download?id=L7dl6tDeNczWNIC2'}, {'name': '2', 'url': 'https://starbucks.joywok.com/api/file/download?id=d3ROJhjbIUGMjYJi'}, {'name': '3', 'url': 'https://starbucks.joywok.com/api/file/download?id=7FHNx9zY2T8klSSq'}, {'name': '4', 'url': 'https://starbucks.joywok.com/api/file/download?id=E3KnmWYp0nzfS8bI'}, {'name': '5', 'url': 'https://starbucks.joywok.com/api/file/download?id=TbGi6FfXIhC8Xj1I'}, {'name': '组 2', 'url': 'https://starbucks.joywok.com/api/file/download?id=88PvX5Oi0j3lggHO'}]",11154850,冬日系列滑盖不锈钢桌面杯430ml ,商品,经典红杯造型不锈钢哑面杯身点缀立体打印小星星滑盖开关设计，单手可操作陪你一起迎接节日到来,[],"11/3上市
冬日系列"
4cc0J218WwoWNcIj,aglOZaREQrwSukAz,"[{'name': '10.18 starbucks31235', 'url': 'https://starbucks.joywok.com/openfile/getfile?type=jw_n_maker&id=xjCFm7hvNMtBqr7v'}, {'name': '1', 'url': 'https://starbucks.joywok.com/api/file/download?id=rukzzpeqhq5ptnlI'}, {'name': '3', 'url': 'https://starbucks.joywok.com/api/file/download?id=eZeV8MmWmqBrx2wO'}, {'name': '5', 'url': 'https://starbucks.joywok.com/api/file/download?id=Ajv0Wiz1wHw8Zys5'}, {'name': '6', 'url': 'https://starbucks.joywok.com/api/file/download?id=XOJgzFexWXOxD4UM'}, {'name': '7', 'url': 'https://starbucks.joywok.com/api/file/download?id=aJut8M3JyoF32gwu'}, {'name': '组 2', 'url': 'https://starbucks.joywok.com/api/file/download?id=8T1MOmghY58XPnam'}]",11154814,冬日系列复古不锈钢随行杯（配杯套）355ml ,商品,小红帽杯盖装点节日氛围还可作为小水杯使用经典复古保温杯搭配精致可背杯套时尚出行,[],"11/3上市
冬日系列"
0EyAvG0oKRwmd5Is,aglOZaREQrwSukAz,"[{'name': '组 1 (9)', 'url': 'https://starbucks.joywok.com/openfile/getfile?type=jw_n_maker&id=d7nRxQXkxuApuTWr'}, {'name': '组 1 (9)', 'url': 'https://starbucks.joywok.com/api/file/download?id=Hk8aURA503NT4vNI'}]",,1.2L膳魔师音乐狂欢系列吨吨桶,商品,"圆润饱满的桶型设计，造型流畅可爱, 融入灵动的音乐元素，大容量和把手设计，让饮水变得随性而愉悦。",[],
xC5MeSLBsd4LeOqe,aglOZaREQrwSukAz,"[{'name': '组 1 (4)', 'url': 'https://starbucks.joywok.com/openfile/getfile?type=jw_n_maker&id=8h8PDrkz88SPmD6n'}, {'name': '组 1 (4)', 'url': 'https://starbucks.joywok.com/api/file/download?id=5rp81klccAOxFj8K'}]",,STANLEY联名1180ml音乐狂欢系列大头不锈钢杯,商品,1183ml STANLEY 网红超大容量吸管杯，可长时间保冷保冰，随时惬意畅快享用一大杯冰饮。自带把手，握感舒适，底座可契合汽车杯座，家庭办公室外出都适用。,[],
m7RgdK1ltYwXjiU8,aglOZaREQrwSukAz,"[{'name': '组 1 (6)', 'url': 'https://starbucks.joywok.com/openfile/getfile?type=jw_n_maker&id=otFEv0a971ZVX6jm'}, {'name': '组 1 (6)', 'url': 'https://starbucks.joywok.com/api/file/download?id=8SWgA3hPBjgsJBYU'}]",,473ml音乐狂欢系列玻璃吸管杯,商品,473ml 玻璃吸管杯，大热的三角形杯身，抓握舒适，活泼的音乐元素点缀杯身， 靓丽吸管点缀，搭配饮品丰富色彩，时尚出片好搭档。,[],
L9jzH9Utc7eAfN5X,aglOZaREQrwSukAz,"[{'name': '组 1 (5)', 'url': 'https://starbucks.joywok.com/openfile/getfile?type=jw_n_maker&id=W7pJJzD5obivWLwu'}, {'name': '组 1 (5)', 'url': 'https://starbucks.joywok.com/api/file/download?id=7eAmIK7tAkpdxWfl'}]",,710mL音乐狂欢系列双层渐变冷变吸管杯,商品,渐变色冷变杯，加入冰块后会呈现丰富色彩，搭配缤纷黑胶唱片设计尽显音乐活力。,[],
PlJgyKeEXdFtjGM2,aglOZaREQrwSukAz,"[{'name': '组 1 (3)', 'url': 'https://starbucks.joywok.com/openfile/getfile?type=jw_n_maker&id=2nX64G40ek1rWYT5'}, {'name': '组 1 (3)', 'url': 'https://starbucks.joywok.com/api/file/download?id=eUDNlXS5QmBMcWjU'}]",,380ml 音乐狂欢系列简约玻璃杯,商品,新颖杯款，绚丽设计，杯身采用玻璃材质更通透，整体采用三段式接口设计，不锈钢中盖内置硅胶密封圈，握压摇晃不撒漏，滤口均匀，倒水顺畅，便于DIY手摇自制饮品，乐趣与颜值并存。,[],
wdLwzrBYh6a2vqse,aglOZaREQrwSukAz,"[{'name': '组 111', 'url': 'https://starbucks.joywok.com/openfile/getfile?type=jw_n_maker&id=hyV5vIZkhvkODJsB'}, {'name': '组 111', 'url': 'https://starbucks.joywok.com/api/file/download?id=KmXnbMVyfBQy8ocT'}]",,473ml 音乐狂欢系列绿色立体棱纹玻璃吸管杯,商品,473ml 玻璃吸管杯，杯身立体棱纹条纹造型，清新绿色，清透的视觉同时，让自带饮品颜值加码。,[],
4xJlIuE85zy6QvAy,aglOZaREQrwSukAz,"[{'name': '组 1 (10)', 'url': 'https://starbucks.joywok.com/openfile/getfile?type=jw_n_maker&id=GuqDt4bUFPptwraX'}, {'name': '组 1 (10)', 'url': 'https://starbucks.joywok.com/api/file/download?id=YyfYFiLQQj982gnO'}]",,640ml音乐狂欢系列耳机款保温杯,商品,640ml保温杯，丰富的音乐与咖啡联动画面，别出心裁的耳机包配件，仿佛置身音乐节现场。提手设计，出行便携；自带两只硅胶小包，可装首饰、零钱、随身小物；硅胶底垫，防撞防摔。,[],
aTNdpVgsH9inu5vr,aglOZaREQrwSukAz,"[{'name': '组 1 (8)', 'url': 'https://starbucks.joywok.com/openfile/getfile?type=jw_n_maker&id=HFAV8z1QcP2idwAl'}, {'name': '组 1 (8)', 'url': 'https://starbucks.joywok.com/api/file/download?id=nzKJQEWnPCVfnPh2'}]",,640ml音乐狂欢系列拉丝不锈钢保温杯,商品,大容量杯型配上复古金属绿色拉丝工艺，如猫眼般的光泽炫彩，潮流活力。,[],
VOelh1IXCYwmsaNP,aglOZaREQrwSukAz,"[{'name': '组 1 (1)', 'url': 'https://starbucks.joywok.com/openfile/getfile?type=jw_n_maker&id=pXCU2Z7MVK39XRaX'}, {'name': '组 1 (1)', 'url': 'https://starbucks.joywok.com/api/file/download?id=WByZJpGGmzIOVQt2'}]",,445ml音乐狂欢系列双饮口不锈钢杯,商品,425ml双饮口不锈钢咖啡杯，动感的配色和图案，给秋季带来不一样的激情。直饮口畅快饮水，吸管口小口吮吸，工作喝水两不误，吸管自带开关，直饮时不受吸管干涉，可保冷保热，满足多种饮水需求。,[],
Vmjk6HjHd0xeDn2g,aglOZaREQrwSukAz,"[{'name': '组 1 (2)', 'url': 'https://starbucks.joywok.com/openfile/getfile?type=jw_n_maker&id=UGxXWRJoUjb83G3S'}, {'name': '组 1 (2)', 'url': 'https://starbucks.joywok.com/api/file/download?id=mjsa5Vjg12jY4PGC'}]",,690ml Contigo音乐狂欢系列冷水杯 ,商品,690ml大容量冷水杯，透明杯身，动感音乐主题印花图案，为秋日注入激情与活力。龙口直饮，大口喝水，畅饮无阻；一键开盖技术，单手操作更潇洒；广口设计，轻松放入冰块，更易清洗。,[],
xf6ce7MZVJu6sy3D,aglOZaREQrwSukAz,"[{'name': '组 1', 'url': 'https://starbucks.joywok.com/openfile/getfile?type=jw_n_maker&id=s6pTDjz4ktfETaCc'}, {'name': '组 1', 'url': 'https://starbucks.joywok.com/api/file/download?id=MIj7PCPOJ6VFoq3H'}]",,410mI音乐狂欢系列钢琴款马克杯配杯盖,商品,绿色条纹杯身，搭配跳动的钢琴键盘，手柄用异型的乐器加以呈现，搭配了硅胶的杯盖，杯盖上散落着咖啡豆造型的乐符，活泼生动的音乐与咖啡连结。,[],
iSIBXCK8TNgvoU5N,aglOZaREQrwSukAz,"[{'name': '组 11', 'url': 'https://starbucks.joywok.com/openfile/getfile?type=jw_n_maker&id=bGokJIlwTAV9JdcT'}, {'name': '组 11', 'url': 'https://starbucks.joywok.com/api/file/download?id=7p330ac2j1nIn378'}]",,420ml 音乐狂欢系列马克杯,商品,经典陶瓷马克杯，音乐狂欢元素搭配配经典绿色logo，整体撞色与丰富的画面想结合，给人以热烈的氛围感，圆弧把手更贴合手感，握感舒适。,[],
l1w8Wf4fNBzax85Y,aglOZaREQrwSukAz,"[{'name': '1Xmas 杜松子 棉云冷萃 迷迭香 copy', 'url': 'https://starbucks.joywok.com/openfile/getfile?type=jw_n_maker&id=ckbBDSjuRGruGx4w'}, {'name': '祝悦杜松子风味星巴克绵云?冷萃', 'url': 'https://starbucks.joywok.com/api/file/download?id=8ej5Hr2UjBGhsvno'}, {'name': '1Xmas 杜松子 棉云冷萃 迷迭香 copy', 'url': 'https://starbucks.joywok.com/api/file/download?id=QdPZwaaa8Sptzf3O'}]",,祝悦杜松子风味星巴克绵云?冷萃,RO饮品,迷迭香与杜松子风味，伴随着冷萃顺滑的口感在口中蔓延，顶部覆以用稀奶油和牛奶搅打出的绵云，口感细腻绵密，仿佛置身于被白雪覆盖的雪松下。,"[{'name': '祝悦杜松子风味星巴克绵云?冷萃', 'file_type': 'jw_n_doc', 'url': 'https://starbucks.joywok.com/api/file/download?id=qRO3V5iU8RAZCM6w'}]",11/3上市
pUD1EW9Q8ZxcaDkH,aglOZaREQrwSukAz,"[{'name': '1Xmas 潘妮朵 copy', 'url': 'https://starbucks.joywok.com/openfile/getfile?type=jw_n_maker&id=x15bPsc4mNEcOzQV'}, {'name': '潘妮朵风味拿铁', 'url': 'https://starbucks.joywok.com/api/file/download?id=dRmG8NY9jTMvKwPa'}, {'name': '1Xmas 潘妮朵 copy', 'url': 'https://starbucks.joywok.com/api/file/download?id=uN22wVmjIKKTZgZa'}]",,潘妮朵风味拿铁,RO饮品,在臻选拿铁中，融入潘妮朵风味糖浆，使得黄油、柑橘和莓果般的风味充盈其中，营造出慢慢的节日氛围。顶部点缀着橙子蔓越莓果干和新鲜橙皮屑，更添明亮活泼的柑橘风味。,"[{'name': '潘妮朵风味拿铁', 'file_type': 'jw_n_doc', 'url': 'https://starbucks.joywok.com/api/file/download?id=uT5QHsG31ko1rBO5'}]",11/3上市
sy4RKJj2DyfVd7Tn,aglOZaREQrwSukAz,"[{'name': '1Xmas 茶啡玛奇朵 肉桂粉 copy', 'url': 'https://starbucks.joywok.com/openfile/getfile?type=jw_n_maker&id=OwFuON7wPDWBRLqM'}, {'name': '星巴克茶啡玛奇朵热-1', 'url': 'https://starbucks.joywok.com/api/file/download?id=NoiTJDj1Qph2bp2L'}, {'name': '1Xmas 茶啡玛奇朵 肉桂粉 copy', 'url': 'https://starbucks.joywok.com/api/file/download?id=ZX5I0qDJ9p7TZn8W'}]",,星巴克茶啡玛奇朵热,RO饮品,在臻选玛奇朵中，融入香气独特的印度风情香料茶，顶部佐以肉桂粉，更为这杯香气馥郁的玛奇朵增添一丝温暖香气。,"[{'name': '星巴克茶啡玛奇朵热', 'file_type': 'jw_n_doc', 'url': 'https://starbucks.joywok.com/api/file/download?id=5AGj5x52SAb90aLN'}]",11/3上市
ZDQrVc39sg8vN9aY,aglOZaREQrwSukAz,"[{'name': '1Xmas 茶咖 玛奇朵 冰 肉桂 copy', 'url': 'https://starbucks.joywok.com/openfile/getfile?type=jw_n_maker&id=jj9NxD2opEqQgocT'}, {'name': '星巴克茶啡玛奇朵冰-1', 'url': 'https://starbucks.joywok.com/api/file/download?id=kBo84nzlfqkL5IdH'}, {'name': '1Xmas 茶咖 玛奇朵 冰 肉桂 copy', 'url': 'https://starbucks.joywok.com/api/file/download?id=aTX6N2GWc1cdeAAW'}]",,星巴克茶啡玛奇朵冰,RO饮品,在臻选玛奇朵中，融入香气独特的印度风情香料茶，顶部佐以肉桂卷，更为这杯香气馥郁的玛奇朵增添一丝温暖香气。,"[{'name': '星巴克茶啡玛奇朵冰', 'file_type': 'jw_n_doc', 'url': 'https://starbucks.joywok.com/api/file/download?id=Xjp61oBIWkMmsO7F'}]",11/3上市
rmYRbXtGIeCaU1OZ,aglOZaREQrwSukAz,"[{'name': '1Xmas 杜松子 拿铁 迷迭香 copy', 'url': 'https://starbucks.joywok.com/openfile/getfile?type=jw_n_maker&id=vm0SCJih8il8RM8i'}, {'name': '祝悦杜松子风味拿铁', 'url': 'https://starbucks.joywok.com/api/file/download?id=g8MgiAdD8MsEjMhU'}, {'name': '1Xmas 杜松子 拿铁 迷迭香 copy', 'url': 'https://starbucks.joywok.com/api/file/download?id=PZZ9yN8Lrw59Kgif'}]",,祝悦杜松子风味拿铁,RO饮品,迷迭香和杜松子的风味与拿铁绵密的口感相融合，在口中蔓延开来，唤起人们对于冬季炉火旁雪松清香气息的美好联想。,"[{'name': '祝悦杜松子风味拿铁', 'file_type': 'jw_n_doc', 'url': 'https://starbucks.joywok.com/api/file/download?id=WLnK5mn6d0pv55Ed'}]",11/3上市
6bawyV8IB0Gzu6ld,aglOZaREQrwSukAz,"[{'name': 'svc2', 'url': 'https://starbucks.joywok.com/openfile/getfile?type=jw_n_maker&id=ENc9YrkQ755Nwe8w'}, {'name': 'SVC3', 'url': 'https://starbucks.joywok.com/api/file/download?id=pRWTwEC5IiJ9Jy3l'}]",11155062/11155063,2024假日快乐星礼卡,星礼卡,随着假日假期的临近，我们会提供一款圣诞礼物卡，从而营造出圣诞氛围。增加节日卡片销售机会。,[],11/3上市
xODhGTk5u5TrR53I,aglOZaREQrwSukAz,"[{'name': '', 'url': 'https://starbucks.joywok.com/openfile/getfile?type=jw_n_maker&id=8v4Cz788GqWZXH3B'}, {'name': '微信图片_20210119185423', 'url': 'https://starbucks.joywok.com/api/file/download?id=Ab5nd6LQ3vN76Z7I'}]",,Mastrena 2代咖啡机操作指引,臻选咖啡豆,1. Mastrena 2代咖啡机设备简介2. Mastrena 2代咖啡机臻选浓缩饮品制作 臻选咖啡豆与常态浓缩咖啡豆对比有更丰富的风味，更容易被奶制品掩盖。所以在用M2制作臻选咖啡时与常态咖啡有区别。当门店使用M2制作臻选咖啡时，以下为注意事项：1）制作臻选浓缩咖啡需要搭配“15号的U”键。“U”键全称是“Up Dose”，作用是在原配方上增加额外的咖啡量，以提升咖啡液的浓度。让臻选咖啡的风味更明显，整体意式咖啡醇度提升。2）制作臻选拿铁的时候，牛奶的温度需要设置为“儿童温度”，方法是选择“21号儿童温度选择键”后再蒸奶即可，这个温度可以更好地突显臻选咖啡的风味。顾客拿到手之后就可以更早喝到这一杯臻选咖啡，体会臻选咖啡豆的风味,"[{'name': 'Mastrena 2代咖啡机 臻选浓缩制作指引', 'file_type': 'jw_n_doc', 'url': 'https://starbucks.joywok.com/api/file/download?id=byxgTA8jewucyC96'}]",
dYDtGsHTbhxjMD7D,aglOZaREQrwSukAz,"[{'name': 'Espresso', 'url': 'https://starbucks.joywok.com/openfile/getfile?type=jw_n_maker&id=9hAmqzYDL0lzl1yX'}, {'name': 'Xmas Esp', 'url': 'https://starbucks.joywok.com/api/file/download?id=k0CkhlSdI2OtfvUX'}, {'name': 'cc', 'url': 'https://starbucks.joywok.com/api/file/download?id=fUyY6Jykb8n7BBr1'}]",11025559,星巴克? 浓缩烘焙圣诞综合咖啡豆,咖啡豆,咖啡故事：这款综合咖啡专为意式浓缩咖啡爱好者而精心打造，这一杯醇香的咖啡带来了深度烘焙所特有的风味尾韵。今年的浓缩烘焙圣诞综合咖啡豆以日晒的东非咖啡豆带来的风味为主基调，再拼配了哥斯达黎加和苏门答腊的咖啡豆。丰富且厚重的口感，每一口都能感受到如香料粉、烟熏香草般的风味伴随着糖渍李子般甜感。 首次上市时间（全球）：2010年产品信息：酸度：较低醇度：饱满烘焙程度：深度烘焙产地：拉美/亚太/非洲加工方法：水洗法/半水洗法/自然干燥法风味描述：如糖渍李子和烟熏香草般风味 搭配风味：黑巧克力、烘焙香料 *该产品可用于鲜萃滴滤咖啡制作 包装设计灵感：这款包装设计的灵感来自于镜面装饰品的反射光茫。设计中运用的咖啡元素来自于咖啡植物、松枝和草本植物的搭配。整体的设计营造出了一种与这个季节的情感联系，并通过设计元素与色彩表达了如糖渍李子和烟熏香草般风味的感受。,[],"11/3上市
节日限定"
XJqVfJqqbTgL4s7h,aglOZaREQrwSukAz,"[{'name': 'Blonde', 'url': 'https://starbucks.joywok.com/openfile/getfile?type=jw_n_maker&id=G3EQCTat8TukeYte'}, {'name': 'blonde', 'url': 'https://starbucks.joywok.com/api/file/download?id=fbXyrF3N5yHLV21w'}, {'name': 'cc', 'url': 'https://starbucks.joywok.com/api/file/download?id=QZj4tVJ5XZh8Wd18'}]",11031517,星巴克? 浅雅烘焙圣诞综合咖啡豆,咖啡豆,咖啡故事：这款综合咖啡适合任何庆祝活动，星巴克®浅雅烘焙圣诞综合咖啡豆拼配了来自于西爪哇，巴布亚新几内亚和东非的浅烘焙咖啡豆。柔和的雪松般香气伴随着明亮的丁香橙与无花果般风味融合在一起，突出了枫糖浆般的甜感。 首次上市时间（全球）：2012年产品信息：酸度：较高醇度：较低烘焙程度：浅雅烘焙产地：亚太/非洲加工方法：水洗法/半水洗法/自然干燥法风味描述：如丁香橙和无花果般风味 搭配风味：柑橘、莓果 *该产品可用于鲜萃滴滤咖啡制作 包装设计灵感：这款包装设计的灵感来自于镜面装饰品的反射光茫。设计中运用的咖啡元素来自于咖啡植物、松枝和草本植物的搭配。整体的设计营造出了一种与这个季节的情感联系，并通过设计元素与色彩表达了如丁香橙和无花果般风味的感受。,[],"11/3上市
浅雅烘焙
节日限定"
DPmdyWHebpsfOhJ2,aglOZaREQrwSukAz,"[{'name': '金色巧克力蛋糕', 'url': 'https://starbucks.joywok.com/openfile/getfile?type=jw_n_maker&id=G1cYPUpGnKbEy2iU'}, {'name': '金色巧克力蛋糕', 'url': 'https://starbucks.joywok.com/api/file/download?id=FEND6qzjOHwuDmST'}, {'name': '金色巧克力', 'url': 'https://starbucks.joywok.com/api/file/download?id=1qo2xgZN43CQNIeq'}, {'name': '红丝绒 金色巧克力', 'url': 'https://starbucks.joywok.com/api/file/download?id=ejLcaWs8knzwf25t'}, {'name': '红丝绒 金色巧克力 食品卡', 'url': 'https://starbucks.joywok.com/api/file/download?id=5HQPsiw8ztYNJVKf'}]",11153886/11153888,金色浓醇巧克力蛋糕,食品,上市时间：1. 11/3起全渠道开始销售；产品POP及食品柜制作物仍按照workbook指引11/3开始陈列，请勿提前陈列；2.  11/1起，已提前到店的产品可在店内POS渠道销售；专星送及啡快渠道11/3起开始销售；产品介绍：重度巧克力星人的快乐星球！选用意大利56%*黑巧克力与比利时金巧克力，整体风味丰富浓郁。薄脆碎饼干给予细腻的脆爽口感，榛子酱顺滑的醇厚风味，榛子碎夹层增添了坚果的香气和口感，一款同时享受巧克力的丰富滋味和独特风情。*56%指巧克力中可可固形物含量 推荐话术：这款蛋糕选用意大利56%*黑巧克力与比利时金巧克力，薄脆碎饼干带来细腻脆爽的口感，喜欢巧克力的话可以尝试看看哦！建议搭配： 饮品 ：太妃榛果拿铁、美式咖啡冲煮咖啡 ：星巴克圣诞综合咖啡豆温馨提示：伙伴可以在完成试吃后登入电子食品护照【路径：绿围群APP-个人中心-食品护照】，留下美好的试吃回忆~,"[{'name': 'FY24 Holiday wave1-金色浓醇巧克力蛋糕', 'file_type': 'jw_n_doc', 'url': 'https://starbucks.joywok.com/api/file/download?id=pCeke9u0bDixQVtd'}]","11/1上市
12颗星星兑换"
LZh4aal2tl1TzQX8,aglOZaREQrwSukAz,"[{'name': 'Lobby', 'url': 'https://starbucks.joywok.com/openfile/getfile?type=jw_n_maker&id=BivX5Sg3qfZ6SZ8g'}, {'name': 'Lobby', 'url': 'https://starbucks.joywok.com/api/file/download?id=MYe25P407jZbdTLW'}, {'name': 'Xmas bld', 'url': 'https://starbucks.joywok.com/api/file/download?id=PIadjyvgQk9ckgvF'}]",250041/11125783/11050642,星巴克? 圣诞综合咖啡豆/VIA/Origami,咖啡豆,咖啡故事：这款假日特有的综合咖啡再次回归，为我们的温暖假日带来了欢乐与甜蜜。我们所钟爱的这款综合咖啡拼配了典藏苏门答腊咖啡豆与危地马拉、哥伦比亚和巴布亚新几内亚的深度烘焙咖啡豆。风味丰富而浓郁，每一口都能感受到如天鹅绒般丝滑的香料巧克力与雪松般风味。相信手中的这杯咖啡定能让你拥有一个属于自己的难忘温馨假日。 首次上市时间（全球）：1984年产品信息：酸度：较低醇度：饱满烘焙程度：深度烘焙产地：拉美/亚太加工方法：水洗法/半水洗法风味描述：如天鹅绒般丝滑的香料巧克力与雪松般风味 搭配风味：姜饼、水果挞 *该产品可用于鲜萃滴滤咖啡制作 包装设计灵感：这款包装设计的灵感来自于镜面装饰品的反射光茫。设计中运用的咖啡元素来自于咖啡植物、松枝和草本植物的搭配。整体的设计营造出了一种与这个季节的情感联系，并通过设计元素与色彩表达了如巧克力和雪松般风味的感受。其他产品信息：1- 星巴克VIA圣诞综合免煮咖啡固体饮料 -售价：88 元- SKU：111257832- 星巴克ORIGAMI便携式滴滤咖啡（研磨咖啡粉）- 售价：79 元- SKU：11050642,[],"11/3上市
节日限定"
bD6YFMpPotRpN4VH,aglOZaREQrwSukAz,"[{'name': '红丝绒瑞士卷', 'url': 'https://starbucks.joywok.com/openfile/getfile?type=jw_n_maker&id=MdPCPYNsJItje58D'}, {'name': '红丝绒瑞士卷', 'url': 'https://starbucks.joywok.com/api/file/download?id=r176P98ZS9cJDb8u'}, {'name': '红丝绒 金色巧克力', 'url': 'https://starbucks.joywok.com/api/file/download?id=PlkYcMop9OnDYJu9'}, {'name': '红丝绒 金色巧克力 食品卡', 'url': 'https://starbucks.joywok.com/api/file/download?id=12gAvdesGq8YGqig'}]",11153890/11133744,草莓红丝绒瑞士卷,食品,上市时间：1. 11/3起全渠道开始销售；产品POP及食品柜制作物仍按照workbook指引11/3开始陈列，请勿提前陈列；2.  11/1起，已提前到店的产品可在店内POS渠道销售；专星送及啡快渠道11/3起开始销售；产品介绍：特选草莓果泥与白巧克力融合出甜美风味，一年一度迎接红丝绒瑞士卷热卖回归，每年欢聚不容错过的红卷红腰带！ 推荐话术：这款是节日经典回归的草莓红丝绒瑞士卷，绵软顺滑的口感，如果喜欢的话可以尝试下哦！建议搭配：饮品 ：星巴克绵云太妃榛果拿铁、美式咖啡冲煮咖啡 ：星巴克圣诞综合咖啡豆温馨提示：伙伴可以在完成试吃后登入电子食品护照【路径：绿围群APP-个人中心-食品护照】，留下美好的试吃回忆~,"[{'name': 'FY24 Holiday wave1-草莓红丝绒瑞士卷', 'file_type': 'jw_n_doc', 'url': 'https://starbucks.joywok.com/api/file/download?id=5InXIf7p5M1SJvYJ'}]","11/1上市
12颗星星兑换"
6erWp74TSdj1OoQV,aglOZaREQrwSukAz,"[{'name': '图片1', 'url': 'https://starbucks.joywok.com/openfile/getfile?type=jw_n_maker&id=6BriEiAcgzT0jmQu'}, {'name': '图片1', 'url': 'https://starbucks.joywok.com/api/file/download?id=zfFVFICWsCWXorpE'}, {'name': '黑莓', 'url': 'https://starbucks.joywok.com/api/file/download?id=xuXqYJAoFvl6iw9d'}, {'name': '黑莓', 'url': 'https://starbucks.joywok.com/api/file/download?id=3D4MWHo1saa2fWQI'}, {'name': '黑莓 食品卡', 'url': 'https://starbucks.joywok.com/api/file/download?id=U3LI7LoOIgEzmCMd'}]",11154742/11154743,黑莓燕麦植物酸奶杯,食品,上市时间：1. 11/3起全渠道开始销售；产品POP及食品柜制作物仍按照workbook指引11/3开始陈列，请勿提前陈列；2.  11/2起，已提前到店的产品可在店内POS渠道销售；专星送及啡快渠道11/3起开始销售；产品介绍：选用燕麦植物酸奶作为基底，并加入五种丰富的水果：黑莓、李子、苹果、红心火龙果、椰子片，以大麦仁、肉桂、藜麦米温暖的口感风味，让水果的酸甜口感和营养融合在一起，带来均衡美味的体验。无论是早餐的开始，还是下午茶的伴侣，轻巧一杯享受一段轻盈的美好时刻！上市具体范围: 全国鲜食门店 SKU11154742对应区域：武汉、北京、廊坊、东莞、佛山、广州、惠州、江门、清远、深圳、肇庆、中山、珠海SKU11154743对应区域： 江浙沪、天津、成都、重庆推荐话术：这款酸奶杯选用5种新鲜果蔬搭配大麦仁、肉桂、藜麦米，口感丰富，喜欢的话可以尝试下哦！建议搭配： 饮品 ：太妃榛果拿铁、热美式咖啡冲煮咖啡 ：星巴克浓缩烘焙圣诞综合咖豆温馨提示：伙伴可以在完成试吃后登入电子食品护照【路径：绿围群APP-个人中心-食品护照】，留下美好的试吃回忆~,"[{'name': 'FY24 Holiday wave1-黑莓燕麦植物酸奶杯', 'file_type': 'jw_n_doc', 'url': 'https://starbucks.joywok.com/api/file/download?id=Ctmsm0LxgeoFVeCR'}]","11/2鲜食市场上市
12颗星星兑换"
y1qaaAW24irk3OxX,aglOZaREQrwSukAz,"[{'name': '太妃榛果拿铁', 'url': 'https://starbucks.joywok.com/openfile/getfile?type=jw_n_maker&id=sAPkj78h9Ak8knmg'}, {'name': '太妃榛果拿铁', 'url': 'https://starbucks.joywok.com/api/file/download?id=Lpfbs3WLEHh3aH5y'}, {'name': '太妃榛果拿铁', 'url': 'https://starbucks.joywok.com/api/file/download?id=faC9PedGS2pOjhrp'}]",,太妃榛果拿铁,饮品,太妃糖的甜美糅合榛果醇香，融合浓缩咖啡制成这杯节日经典，顶部洒上真实太妃糖榛子碎，口口香浓，暖暖心意。推荐话术：经典的太妃榛果拿铁回归啦！口口香浓，暖暖心意。一杯开启温暖冬日，来一杯吧！提醒：1.太妃糖混合榛子粒需冷藏保存。2.伙伴需在11/1前完成饮品培训，并完成线上任务确认。视频：以大杯为例1.牛奶至蒸奶壶大杯刻度线，蒸奶2.按2份浓缩咖啡，杯中加入4泵太妃榛果糖浆（7.5ml/泵）3.用奶勺挡住奶泡，倒奶至杯口12毫米处4.加搅打稀奶油，撒罐（7孔侧）轻撒4下太妃糖混合榛子粒,"[{'name': '太妃榛果拿铁', 'file_type': 'jw_n_doc', 'url': 'https://starbucks.joywok.com/api/file/download?id=H6dUTP5MxWA6oWpM'}]","11/3上市
12颗星星兑换中杯
太妃榛果"
vNJyaRGe9tTy3NJh,aglOZaREQrwSukAz,"[{'name': '拿铁 ', 'url': 'https://starbucks.joywok.com/openfile/getfile?type=jw_n_maker&id=ducVHwj7JcZV9Hyz'}, {'name': '星巴克绵云太妃榛果拿铁', 'url': 'https://starbucks.joywok.com/api/file/download?id=PPs1TtBFlYq8Ukvk'}, {'name': '拿铁 ', 'url': 'https://starbucks.joywok.com/api/file/download?id=47at9vlkeg3Btp6q'}]",,星巴克绵云?太妃榛果拿铁,饮品,太妃糖的甜美糅合榛果醇香，融合浓缩咖啡制成这杯节日经典，顶部覆以稀奶油与牛奶搅打而成的绵云，口口香浓，暖暖心意。推荐话术：经典的太妃榛果拿铁美妙变身，邂逅奶香浓郁的丝滑绵云。口口香浓，暖暖心意。一杯开启温暖冬日，来一杯吧！提醒：1.顶部绵云：①先加2泵（7.5ml/泵）绵云调味酱，再补浓系列奶油牛奶混合液至100ml刻线处。②浓系列奶油牛奶混合液不可客制化换奶。③绵云酱不可少，只可一次搅打一份，不可多份一起搅打。2.太妃糖混合榛子粒需冷藏保存。3.伙伴需在11/1前完成饮品培训，并完成线上任务确认。视频：以大杯为例1.冷奶沫壶中加入2泵绵云调味酱（7.5ml/泵），加浓系列奶油牛奶预制液（1：3）至100ml处2.牛奶至蒸奶壶中杯刻度线，蒸奶3.按2份浓缩咖啡，杯中加入4泵太妃榛果糖浆（7.5ml/泵）4.用奶勺挡住奶泡，倒奶至杯口24毫米处5.以旋转的方式，由外而内倒入冷奶沫至距杯口6毫米处，撒罐（7孔侧）轻撒4下太妃糖混合榛子粒,"[{'name': '星巴克绵云? 太妃榛果拿铁', 'file_type': 'jw_n_doc', 'url': 'https://starbucks.joywok.com/api/file/download?id=13sxBzcfAw8BI6bK'}]","11/3上市
12颗星星兑换中杯
太妃榛果"
u0rCTme1TLNB6OQC,aglOZaREQrwSukAz,"[{'name': '摩卡', 'url': 'https://starbucks.joywok.com/openfile/getfile?type=jw_n_maker&id=cVJTklj8xovCgvLD'}, {'name': '朗姆风味冬暖摩卡', 'url': 'https://starbucks.joywok.com/api/file/download?id=7AM9btGhUMfH3Z6y'}, {'name': '摩卡', 'url': 'https://starbucks.joywok.com/api/file/download?id=WWZ0boscqpWh2d98'}]",,朗姆风味冬暖摩卡,饮品,经典摩卡中融合了香甜浓郁的朗姆酒巧克力风味，使得朗姆的芬芳和巧克力风味的甜香与摩卡相互交织于口腔之间。顶部覆盖着一层摩卡粉，让人在冬日感受到温暖愉悦。推荐话术：经典摩卡中融合了香甜浓郁的朗姆酒巧克力风味，一口尽享朗姆的芬芳与巧克力的香甜，丰富层次，层层满足，带给您美妙冬日体验！提醒：1.顶部绵云：①先加2泵（7.5ml/泵）绵云调味酱，再加1泵摩卡酱（浓缩吧台泵15ml），补浓系列奶油牛奶混合液至100ml刻线处。②浓系列奶油牛奶混合液不可客制化换奶。③绵云酱不可少，只可一次搅打一份，不可多份一起搅打。2.顾客要求少糖时，只能少底部风味糖浆和摩卡酱，顶部绵云中摩卡酱不可减少。3.伙伴需在11/1前完成饮品培训，并完成线上任务确认。视频：以大杯为例1.冷奶沫壶中加入2泵绵云调味酱（7.5ml/泵），1泵摩卡酱（浓缩吧台泵15ml），加浓系列奶油牛奶预制液（1：3）至100ml处，按4号键搅打2.牛奶至蒸奶壶中杯刻度线，X-H蒸奶3.按2份浓缩咖啡，杯中加入1泵摩卡酱（浓缩吧台泵15ml），4泵朗姆巧克力糖浆（7.5ml/泵）4.摇匀杯中咖啡和糖浆，用奶勺挡住奶泡，倒奶至杯口24毫米处5.以旋转的方式，由外而内倒入摩卡味冷奶沫至距杯口6毫米处，饮料表面铺满摩卡粉,"[{'name': '朗姆风味冬暖摩卡', 'file_type': 'jw_n_doc', 'url': 'https://starbucks.joywok.com/api/file/download?id=hweq5Q378S5NsTnp'}]","11/3上市
12颗星星兑换中杯"
H0Ote8eMAPneFDkM,aglOZaREQrwSukAz,"[{'name': '节日蛋糕礼盒', 'url': 'https://starbucks.joywok.com/openfile/getfile?type=jw_n_maker&id=VGiVi3QKDnpSMrbQ'}, {'name': 'WeChat_20231024133237', 'url': 'https://starbucks.joywok.com/api/file/download?id=ILcS9nGEB7sKjo9f'}, {'name': '节日蛋糕礼盒组装奉客指引', 'url': 'https://starbucks.joywok.com/api/file/download?id=bVoXyisAR07GRrU5'}, {'name': '图层 2', 'url': 'https://starbucks.joywok.com/api/file/download?id=Wqw4KT8wYoopsyaa'}, {'name': '图层 3', 'url': 'https://starbucks.joywok.com/api/file/download?id=oxh5HPqDBY13TjiC'}, {'name': '图层 3 拷贝', 'url': 'https://starbucks.joywok.com/api/file/download?id=5RBrVh3pNUbHKgtw'}]",,节日蛋糕礼盒,食品,节日蛋糕礼盒亮点：蛋糕礼盒更能“装”，设计可以放下所有蛋糕，满足一次吃尽星式美味甜点的需求。更少使用塑料，对环境更友好。提醒：最上方蛋糕礼盒安装视频建议伙伴全屏进行观看！- 轮播图   适用组合： 4个任意甜品(蛋糕+植物酸奶杯）  折扣原则：1）11/3-1/2期间，购买4片及以上任意蛋糕或植物酸奶杯 可享85折优惠2）12/18-1/2期间，购买8片及以上任意蛋糕或植物酸奶杯 可享7折优惠*此优惠不可与员工折扣叠加、上海向绿产品不参加礼盒折扣  入机指引：1）点击食品套餐界面，点击【1组蛋糕礼盒 4片 】选择4片蛋糕/植物酸奶杯，结账。2）点击食品套餐界面，点击【2组蛋糕礼盒 8片 】选择8片蛋糕/植物酸奶杯，结账。---以下订货信息请伙伴重点关注---SKU 011144284 / 011144285 圣诞蛋糕礼盒套件 3套/包 SKU 011144286 限塑版圣诞蛋糕礼盒套件 3套/包（仅供限塑城市门店）第一批主配 3包共9套到店，11/3前主配到店，可通过NGBOH订货。SKU 011144817 蛋糕礼盒专星送封口贴（54张/包）11/3前主配1包到店，可通过NGBOH订货。,[],11/3上市
0Z6sV854igW5crBm,aglOZaREQrwSukAz,"[{'name': '11', 'url': 'https://starbucks.joywok.com/openfile/getfile?type=jw_n_maker&id=v816cLLS7ZGkh9jf'}, {'name': '9dfa5cb90a4176ec4a241de6d1e1791f', 'url': 'https://starbucks.joywok.com/api/file/download?id=puuwED9dJ8SF4hDb'}, {'name': '1', 'url': 'https://starbucks.joywok.com/api/file/download?id=uy3p5cA7odaigP7F'}, {'name': '2', 'url': 'https://starbucks.joywok.com/api/file/download?id=KP31QqWLHypmI8XL'}, {'name': '7', 'url': 'https://starbucks.joywok.com/api/file/download?id=exWuFJIgePihDUHq'}, {'name': '6', 'url': 'https://starbucks.joywok.com/api/file/download?id=vAFYcMr9fo2IKFJC'}, {'name': '4', 'url': 'https://starbucks.joywok.com/api/file/download?id=FC8fJmqUYNaeyBtU'}, {'name': '8', 'url': 'https://starbucks.joywok.com/api/file/download?id=tKG2YHN88XdCziVx'}, {'name': '5', 'url': 'https://starbucks.joywok.com/api/file/download?id=03etFjitC6x209ca'}, {'name': '3', 'url': 'https://starbucks.joywok.com/api/file/download?id=d9D8wLLfSqInzPwT'}]",11153381,咖啡节奏会员星礼包,会员星礼包,我们将在节日档期的开始，推出一款非常酷炫的会员星礼包，让我们跟着节奏一起享受咖啡带来的美好。这款咖啡节奏会员星礼包随卡含炫彩蓝牙音箱1个，白色和绿色两款可选。销售亮点：1. 颜值在线，白色款温馨暖黄色灯光，绿色款七色炫彩灯光，随心选择2. 360度全景式环绕音效，节奏灯/呼吸灯模式随心切换3. 可应用于办公会议场景，内置麦克风免提通话，高清不卡顿通话零延迟4. Thinkplus正品定制，品质保障,[],"11/1上市
蓝牙音箱"
U0OqIEyr4r4eF5QM,aglOZaREQrwSukAz,"[{'name': 'holiday', 'url': 'https://starbucks.joywok.com/openfile/getfile?type=jw_n_maker&id=v1LeSI0Y9UeeVFGy'}, {'name': 'holiday', 'url': 'https://starbucks.joywok.com/api/file/download?id=EoQ80EwxtO31IoYT'}]",11152607,星巴克臻选假日综合咖啡豆2023,臻选咖啡豆,风味：雪松般香气突显了柠檬皮、枫木和姜糖般风味，伴随着糖浆般口感。种植区域：拉美/亚太国家：哥斯达黎加/印度尼西亚地理位置：阿拉胡埃拉/亚齐品种：-处理法：水洗处理法/半水洗处理法海拔：-包装豆：198元酸度：中偏低醇度：醇厚冷萃：Y浓缩：YM2：Medium-MediumCup ID：RHDB更多咖啡豆相关信息了解请至RP-营运资源-营运部-臻选工作手册-促销工作手册,"[{'name': '假日', 'file_type': 'jw_n_doc', 'url': 'https://starbucks.joywok.com/api/file/download?id=6MpkHrgUI9ZmT8EM'}]","11/3上市
RO/RB门店"
SNIp5ezT9e8ePN8R,aglOZaREQrwSukAz,"[{'name': 'Kenya', 'url': 'https://starbucks.joywok.com/openfile/getfile?type=jw_n_maker&id=pdaQNYe78X6DG85Z'}, {'name': 'Kenya', 'url': 'https://starbucks.joywok.com/api/file/download?id=B8urwlZpctOKIf1O'}]",11153000,肯尼亚 蒂里克瓦 加库尤尼 咖啡豆,臻选咖啡豆,风味：白醋栗和番茄花般的风味，伴随着活泼的酸度和黑砂糖般的甜感。种植区域：非洲国家：肯尼亚地理位置：基里尼亚加品种：巴蒂安（Batian）处理法：水洗处理法海拔：1572 米包装豆：178元酸度：中偏高醇度：中等冷萃：Y浓缩：YM2：Blonde-BlondeCup ID：KTKW更多咖啡豆相关信息了解请至RP-营运资源-营运部-臻选工作手册-促销工作手册,"[{'name': '肯亚', 'file_type': 'jw_n_doc', 'url': 'https://starbucks.joywok.com/api/file/download?id=Xj5H4bnbm7U2TXhS'}]","11/3上市
RO/RB门店"
hgYtWYIh7k2gWhCp,aglOZaREQrwSukAz,"[{'name': 'image9', 'url': 'https://starbucks.joywok.com/openfile/getfile?type=jw_n_maker&id=YwHRrAKR6brGMqf8'}, {'name': 'image9', 'url': 'https://starbucks.joywok.com/api/file/download?id=iRfiErPk5zdoxDZn'}, {'name': 'image10', 'url': 'https://starbucks.joywok.com/api/file/download?id=DRN7bC6oA1eYGiMU'}]",,冬日红杯 经典回归,档期理念,红杯回归了！装着「冬」「暖」「雪」「融」中国人独有的对冬天的期许简单却热烈 太妃榛果拿铁经典回归了！带着节日饮品也有焕然一新的版本轻盈口感的绵云太妃榛果拿铁沉醉可可风的朗姆风味冬暖摩卡 快乐统统装进红杯里岁末节日接踵而来我们一路大声庆祝  冬日红杯 经典回归,[],
UDfdS3E51TRFc5V6,aglOZaREQrwSukAz,"[{'name': '10.18 starbucks31388', 'url': 'https://starbucks.joywok.com/openfile/getfile?type=jw_n_maker&id=JJup4lWv5S7vao0j'}, {'name': '1', 'url': 'https://starbucks.joywok.com/api/file/download?id=J5PRILFDLwZSaL2b'}, {'name': '2', 'url': 'https://starbucks.joywok.com/api/file/download?id=v4ONfxdhaFxZRauI'}, {'name': '3', 'url': 'https://starbucks.joywok.com/api/file/download?id=AXWcOBlKKYZ5qbXg'}, {'name': '5', 'url': 'https://starbucks.joywok.com/api/file/download?id=5KB5YQ8lV5z5U9gm'}, {'name': '组 2', 'url': 'https://starbucks.joywok.com/api/file/download?id=LUJR0iXmkD1RUydJ'}]",11154812,冬日系列熊店长硅胶杯塞4只组套装 ,商品,四款熊店长造型杯塞诠释“冬暖雪融”的节日氛围采用食品级硅胶材质可用作外带杯杯口插件让熊店长为你守护冬日温暖,[],"11/3上市
冬日系列"
8PpGdxqB05DaqnPP,aglOZaREQrwSukAz,"[{'name': '09280285', 'url': 'https://starbucks.joywok.com/openfile/getfile?type=jw_n_maker&id=QDXtTOkIh7PwdN0I'}, {'name': 'updated video', 'url': 'https://starbucks.joywok.com/api/file/download?id=sNyCs4ujZUyjVw7Q'}]",,冬日系列 ,商品,当我们捧起红杯捧起的，是「冬」日夜空下编织星愿的红捧起的，是繁星透过窗格，温「暖」心扉的红捧起的，是「雪」扑扑簌簌，光临窗檐的红捧起的，是寒意消「融」，热情逐渐升温的红捧红这一刻 ~红杯系列星品，开启冬日的第一波暖意,[],"经典
复古
温暖"
kowio5lwajk55pKv,aglOZaREQrwSukAz,"[{'name': '封面2', 'url': 'https://starbucks.joywok.com/openfile/getfile?type=jw_n_maker&id=5gAauJVmhR25Jbt0'}, {'name': '10月26日', 'url': 'https://starbucks.joywok.com/api/file/download?id=4Mzoh7Nr5bnMJY6Z'}, {'name': '1', 'url': 'https://starbucks.joywok.com/api/file/download?id=ezn9P5byIFivh778'}, {'name': '4', 'url': 'https://starbucks.joywok.com/api/file/download?id=wpKWYpAJQwjlDne3'}, {'name': '7', 'url': 'https://starbucks.joywok.com/api/file/download?id=dhJyavnRRrZbQo0Z'}, {'name': '8', 'url': 'https://starbucks.joywok.com/api/file/download?id=Hcz7B75qbKDCi6a0'}, {'name': '6', 'url': 'https://starbucks.joywok.com/api/file/download?id=Puz6o83RBKdYLRmF'}, {'name': '5', 'url': 'https://starbucks.joywok.com/api/file/download?id=7KYpxDxJZkqR0oQj'}, {'name': '2', 'url': 'https://starbucks.joywok.com/api/file/download?id=HNEYEPCtO3AU5EXg'}, {'name': '3', 'url': 'https://starbucks.joywok.com/api/file/download?id=mrgDR922sFSbRJ4v'}]",11153917,洛斐合作款鼠标会员星礼包 ,会员星礼包,本季星巴克洛斐合作款星礼包重磅回归，该星礼包随卡含洛斐蓝牙鼠标套装1个，2款亮丽配色，其中一款为星巴克定制色。销售亮点：1. 电镀表壳高颜值好清理，轻轻一擦灰尘全不见；按键使用两种不同颜色，敲击声音沉稳安静。2. 双模链接，通过蓝牙或小巧usb接收器，可同时连接2种设备3. 蓝牙/2.4G无线双连接模式，五档DPI自由调节，满足不同分辨率显示屏的使用4. 触控手势功能，摆脱触控板限制、按压键盘的烦恼5. 可循环充电，无需电池6. 性价比之选，官方品质保障,[],"11/14上市
洛斐
鼠标"
jizOuB40vl7SoSWy,aglOZaREQrwSukAz,"[{'name': '马卡龙礼盒-开', 'url': 'https://starbucks.joywok.com/openfile/getfile?type=jw_n_maker&id=wqkvVxMPtwl3ngX8'}, {'name': '马卡龙礼盒-开', 'url': 'https://starbucks.joywok.com/api/file/download?id=xnGQL00EJ0U7PMIi'}, {'name': '马卡龙组合', 'url': 'https://starbucks.joywok.com/api/file/download?id=k8Yd3nkdiGN9bRJP'}, {'name': '迷你星巴克马卡龙_A', 'url': 'https://starbucks.joywok.com/api/file/download?id=DfRFLnt3pNevST3D'}, {'name': '迷你星巴克马卡龙_B', 'url': 'https://starbucks.joywok.com/api/file/download?id=FYB5VIGaDMfzYudd'}]",11154324,迷你星巴克马卡龙 ,食品,产品介绍：一盒六入的马卡龙甜点，为您带来一场微缩星巴克门店的奇幻体验！开盒即置身于一家迷你星巴克店内，仿佛听到咖啡磨豆声和背景音乐交织而成的美妙交响曲，置身于一个愉悦自在的环境中。每盒有树莓黑莓马卡龙、香草味马卡龙和开心果马卡龙各两颗，每一颗都是经典法式工艺精心制作而成，带来口感细腻、色彩缤纷的甜点享受。推荐话术：这款限定的马卡龙有3种口味，口感细腻、色彩缤纷，如果喜欢的话可以尝试下哦！建议搭配：饮品 ：星巴克绵云太妃榛果拿铁、热美式咖啡冲煮咖啡 ：星巴克圣诞综合咖啡豆保质期提醒：与至爱马卡龙操作一致，迷你星巴克马卡龙将在门店执行5天保质期，无需临期提前下架。请伙伴积极做好产品效期及电子价签的管理。价签提示：1盒产品对应1个产品电子价签，陈列注意先进先出，如多盒陈列，一个电子价签仅能对应同一个效期的产品。盘点提醒：整盒售卖，不拆盒。与星享小点盘点方式一致，食品UPT是以销售的”个数“为单位计算（1盒=6个USD)收货提醒：请伙伴收货后打开外盒包装检查每盒马卡龙品质情况，确认数量及外观无异常，如有问题请及时填写RVR温馨提示：伙伴可以在完成试吃后登入电子食品护照【路径：绿围群APP-个人中心-食品护照】，留下美好的试吃回忆~,"[{'name': 'FY24 Holiday迷你星巴克马卡龙', 'file_type': 'jw_n_doc', 'url': 'https://starbucks.joywok.com/api/file/download?id=SmeXsTBbPRy1kj56'}]","11/21上市
不可星星兑换
整盒售卖"
OcPyxBJRDgW2Luhz,aglOZaREQrwSukAz,"[{'name': '红富士拿铁', 'url': 'https://starbucks.joywok.com/openfile/getfile?type=jw_n_maker&id=1aZPt12XApzVgf3w'}, {'name': '红富士拿铁', 'url': 'https://starbucks.joywok.com/api/file/download?id=BHYLu6DAh2c6ddyf'}, {'name': '红富士拿铁', 'url': 'https://starbucks.joywok.com/api/file/download?id=4w9h6dO4FZazmcUP'}]",,红富士拿铁,饮品,将香甜的焦糖苹果风味与经典拿铁美妙融合，苹果的轻甜果香和焦糖风味在拿铁中交织融合，顶部点缀着苹果粒，让您一口尽享冬日温暖。推荐话术：红富士拿铁上市啦！苹果的清新果香伴随着香醇拿铁，顶部还有真实红富士苹果粒，来一杯吧！提醒：1.伙伴可将小苹果拿铁艺术结合在此款饮品上，增添与顾客的联结，最后撒上苹果颗粒。2.伙伴需在上岗前完成饮品培训，并完成线上任务确认。视频：以大杯为例1.牛奶至蒸奶壶大杯刻度线，蒸奶2.按2份浓缩咖啡，杯中加入4泵焦糖苹果糖浆（7.5ml/泵）3.自由倾倒蒸煮过的牛奶至距杯口6毫米处4.饮料表面均匀撒上1平勺苹果巧克力颗粒（2tsp勺）,"[{'name': '红富士拿铁', 'file_type': 'jw_n_doc', 'url': 'https://starbucks.joywok.com/api/file/download?id=l9kh4ZoP52x5ms7c'}]","11/28上市
9颗星星兑换中杯"
mBdA66lEcKXmvElF,aglOZaREQrwSukAz,"[{'name': '红富士摩卡', 'url': 'https://starbucks.joywok.com/openfile/getfile?type=jw_n_maker&id=3NQ54mXrPLilXNj7'}, {'name': '红富士摩卡', 'url': 'https://starbucks.joywok.com/api/file/download?id=8fCBsfNCRK88SBn7'}, {'name': '红富士摩卡', 'url': 'https://starbucks.joywok.com/api/file/download?id=EIq5yeAiIx53umOt'}]",,红富士摩卡,饮品,将香甜的焦糖苹果风味与经典摩卡融合，使得苹果的果香、焦糖风味与摩卡相互交织并融合在一起。顶部覆以苹果粒，一口尽享冬日暖意。推荐话术：红富士摩卡上市啦！苹果的清新果香伴随着浓郁摩卡，顶部还有真实红富士苹果粒，来一杯吧！提醒：1.顶部绵云：①先加2泵（7.5ml/泵）绵云调味酱，再加1泵摩卡酱（浓缩吧台泵15ml），补浓系列奶油牛奶混合液至100ml刻线处。②浓系列奶油牛奶混合液不可客制化换奶。③绵云酱不可少，只可一次搅打一份，不可多份一起搅打。2.顾客要求少糖时，只能少底部风味糖浆，顶部绵云中摩卡酱不可减少。3.伙伴需在上岗前完成饮品培训，并完成线上任务确认。视频：以大杯为例1.冷奶沫壶中加入2泵绵云调味酱（7.5ml/泵），1泵摩卡酱（浓缩吧台泵15ml），加浓系列奶油牛奶预制液（1：3）至100ml处，按4号键搅打2.牛奶至蒸奶壶中杯刻度线，X-H蒸奶3.按2份浓缩咖啡，杯中加入1泵摩卡酱（浓缩吧台泵15ml），4泵焦糖苹果糖浆（7.5ml/泵）4.摇匀杯中咖啡和糖浆，用奶勺挡住奶泡，倒奶至杯口24毫米处5.以旋转的方式，由外而内倒入摩卡味冷奶沫至距杯口6毫米处，饮料表面均匀撒上1平勺苹果巧克力颗粒（2tsp勺）,"[{'name': '红富士摩卡', 'file_type': 'jw_n_doc', 'url': 'https://starbucks.joywok.com/api/file/download?id=gDm8EKkcj9STnWQR'}]","11/28上市
12颗星星兑换中杯"
gX1bn9tnn2Urmtxg,aglOZaREQrwSukAz,"[{'name': '1024B-0376', 'url': 'https://starbucks.joywok.com/openfile/getfile?type=jw_n_maker&id=ftOMfzHwGf5P4Csm'}, {'name': '1024B-0378', 'url': 'https://starbucks.joywok.com/api/file/download?id=NutXLIhuUZ5cfiti'}, {'name': '组 1', 'url': 'https://starbucks.joywok.com/api/file/download?id=0x5S40JffvTqUF3g'}, {'name': '组 3', 'url': 'https://starbucks.joywok.com/api/file/download?id=rnUsFmyxWCcW3Vme'}, {'name': '组 6', 'url': 'https://starbucks.joywok.com/api/file/download?id=mQPLNNeoRaFFsPRR'}, {'name': '杯子 故事书折页', 'url': 'https://starbucks.joywok.com/api/file/download?id=VHZzUUTg6BAdhu0C'}, {'name': '组 2', 'url': 'https://starbucks.joywok.com/api/file/download?id=hozOvsmrFMoag5ik'}]",11154817,安徒生剪纸系列芭蕾舞者不锈钢杯380ml ,商品,杯身造型圆润可爱，杯身运用了剪纸风格，杯身宽口设计，方便注水和清洗；饮用口采用咖啡饮用口设计，贴合唇形，开盖旋转即刻畅饮。,[],"11/14上市
安徒生剪纸系列"
It4zaoA5ZIfwb5O9,aglOZaREQrwSukAz,"[{'name': '1024B-1183', 'url': 'https://starbucks.joywok.com/openfile/getfile?type=jw_n_maker&id=pl7TxwQ51w8Ad6Yf'}, {'name': '1024B-1183', 'url': 'https://starbucks.joywok.com/api/file/download?id=b3QpiQmy29pBfg8Z'}, {'name': '组 1', 'url': 'https://starbucks.joywok.com/api/file/download?id=sQoca5al98kX1Yym'}, {'name': '组 3', 'url': 'https://starbucks.joywok.com/api/file/download?id=j5W3cO5xQc38PKY6'}, {'name': '组 4', 'url': 'https://starbucks.joywok.com/api/file/download?id=yrxVM17OZ1uif286'}, {'name': '组 5', 'url': 'https://starbucks.joywok.com/api/file/download?id=MqATQAHJkzzNOn5S'}, {'name': '杯子 故事书折页', 'url': 'https://starbucks.joywok.com/api/file/download?id=D8jXAYMbbJEKxwZC'}, {'name': '组 2', 'url': 'https://starbucks.joywok.com/api/file/download?id=6dPQuuw93ifeS8h5'}]",11154857,安徒生剪纸系列数显温度不锈钢随行杯500ml ,商品,保温杯本身带有温度显示功能，复古红色杯身搭配满版金色安徒生剪纸画面，金色的logo和安徒生签名加以点缀，整体简单又大方。,[],"11/14上市
安徒生剪纸系列"
i4sIKWSEXbnrxTfX,aglOZaREQrwSukAz,"[{'name': '1024B-1039', 'url': 'https://starbucks.joywok.com/openfile/getfile?type=jw_n_maker&id=uIqGnsWxdMkJf54Y'}, {'name': '15', 'url': 'https://starbucks.joywok.com/api/file/download?id=ngjKh54bYyfw5R4K'}, {'name': '组 1', 'url': 'https://starbucks.joywok.com/api/file/download?id=NVG8nfUUoRYSUw08'}, {'name': '组 4', 'url': 'https://starbucks.joywok.com/api/file/download?id=GtMTGJPr7jpYOO1T'}, {'name': '组 5', 'url': 'https://starbucks.joywok.com/api/file/download?id=IYvCu16ookhwTlR8'}, {'name': '组 6', 'url': 'https://starbucks.joywok.com/api/file/download?id=EsXty88HExLOx4hP'}, {'name': '杯子 故事书折页', 'url': 'https://starbucks.joywok.com/api/file/download?id=qZz80mjGRQ5Iif1X'}, {'name': '组 2', 'url': 'https://starbucks.joywok.com/api/file/download?id=ZIbEviz9SU85Se5l'}]",11154818,安徒生剪纸系列撞色不锈钢杯360ml ,商品,荣获红点奖，杯身奶白底色搭配舞动在蝴蝶上的少女，更加突出童话色彩。提手硅胶材质，柔软防水，便于携带；巧妙推盖设计，轻轻旋转，拇指一拨即可开启饮用模式。防滑杯垫，耐磨静音，无时无刻开启安静享用。,[],"11/14上市
安徒生剪纸系列"
xIqweY9FyCuK2uA5,aglOZaREQrwSukAz,"[{'name': '1024B-1053', 'url': 'https://starbucks.joywok.com/openfile/getfile?type=jw_n_maker&id=w2iA5ZGOUKP8fhDi'}, {'name': '1024B-1053', 'url': 'https://starbucks.joywok.com/api/file/download?id=zBLt1eSHaR1Gt3yr'}, {'name': '组 1', 'url': 'https://starbucks.joywok.com/api/file/download?id=YP7jHU8zokrLYD4a'}, {'name': '组 3', 'url': 'https://starbucks.joywok.com/api/file/download?id=rrWqGmE38np1sOL5'}, {'name': '组 4', 'url': 'https://starbucks.joywok.com/api/file/download?id=RVHr0nYvVqMXGqP0'}, {'name': '组 5', 'url': 'https://starbucks.joywok.com/api/file/download?id=BLaSR2TQLQrgTs5h'}, {'name': '组 6', 'url': 'https://starbucks.joywok.com/api/file/download?id=4pXTQWBsyI8ZkvbO'}, {'name': '杯子 故事书折页', 'url': 'https://starbucks.joywok.com/api/file/download?id=A7XsgosgPZG4Kzim'}, {'name': '组 2', 'url': 'https://starbucks.joywok.com/api/file/download?id=JRE5QR9WJHqTt5tJ'}]",11154819,安徒生剪纸系列古典白提手不锈钢杯1000ml ,商品,"1000ml提手保温杯，杯身奶白底色, 人物重叠体现剪纸，舞动的芭蕾舞女孩营造节日欢快的气氛；饮水口拧盖内螺纹设计，贴合唇形，饮用更舒适；提手设计，让出行更便捷；注水口宽敞，可装不同饮品，一只杯子满足你一年四季的需求。",[],"11/14上市
安徒生剪纸系列"
YeqW8odMDJPqcApb,aglOZaREQrwSukAz,"[{'name': '1024B-0655', 'url': 'https://starbucks.joywok.com/openfile/getfile?type=jw_n_maker&id=1e4N8mwU46YUQhPk'}, {'name': '1024B-0624', 'url': 'https://starbucks.joywok.com/api/file/download?id=VH1UDqiRgnsZYM5S'}, {'name': '组 4', 'url': 'https://starbucks.joywok.com/api/file/download?id=as4hBXN5nH68EQeY'}, {'name': '组 5', 'url': 'https://starbucks.joywok.com/api/file/download?id=PsHSqPcYFCJusCdC'}, {'name': '组 8', 'url': 'https://starbucks.joywok.com/api/file/download?id=vgTIju4FI5Oqy9Aj'}, {'name': '杯子 故事书折页', 'url': 'https://starbucks.joywok.com/api/file/download?id=Y6UvsYFz6fcq6047'}, {'name': '组 2', 'url': 'https://starbucks.joywok.com/api/file/download?id=Ni5SWs87dgK0YCnj'}]",11154853,安徒生剪纸系列水晶球款马克杯180ml ,商品,红白配色马克杯，杯身印有安徒生剪纸热气球画面和安徒生签名，杯盖为水晶球摆件，水晶球里面是金色的跳舞的女孩，具有纪念收藏价值。,[],"11/14上市
安徒生剪纸系列"
l75Vjdf2qJuXxUiF,aglOZaREQrwSukAz,"[{'name': '1024B-0459', 'url': 'https://starbucks.joywok.com/openfile/getfile?type=jw_n_maker&id=spYdm148IXVOKiei'}, {'name': '16', 'url': 'https://starbucks.joywok.com/api/file/download?id=ATXWJcNhn0TCvUp3'}, {'name': '组 1', 'url': 'https://starbucks.joywok.com/api/file/download?id=QEwj7lumzbK2Nt9H'}, {'name': '组 3', 'url': 'https://starbucks.joywok.com/api/file/download?id=c5kIA52uTm2BgTaE'}, {'name': '组 4', 'url': 'https://starbucks.joywok.com/api/file/download?id=v88r7x6L5StU2i7r'}, {'name': '5', 'url': 'https://starbucks.joywok.com/api/file/download?id=Dev26LeK8FPJywJu'}, {'name': '杯子 故事书折页', 'url': 'https://starbucks.joywok.com/api/file/download?id=952OvDFjlpm7BdAw'}, {'name': '组 2', 'url': 'https://starbucks.joywok.com/api/file/download?id=G7EEI47MWU2528hU'}]",11154851,安徒生剪纸系列芭蕾舞者款红色杯盘组260ml ,商品,复古宫廷造型杯碟组，杯身立体切面效果，每个切面呈现安徒生不同的剪纸人物，精致的套组是节日礼物的最佳选择。,[],"11/14上市
安徒生剪纸系列"
5vznayI2YVVOdGD0,aglOZaREQrwSukAz,"[{'name': '1024B-0681', 'url': 'https://starbucks.joywok.com/openfile/getfile?type=jw_n_maker&id=1IOyc5kQh5EaZSOZ'}, {'name': '1024B-0681', 'url': 'https://starbucks.joywok.com/api/file/download?id=oNuZG1RAdyqwpAH8'}, {'name': '组 1', 'url': 'https://starbucks.joywok.com/api/file/download?id=xkwgaicIHHtm08wD'}, {'name': '组 3', 'url': 'https://starbucks.joywok.com/api/file/download?id=qOAhb4YLsofhJlEB'}, {'name': '组 4', 'url': 'https://starbucks.joywok.com/api/file/download?id=H5LjPajMMllG6W4L'}, {'name': '杯子 故事书折页', 'url': 'https://starbucks.joywok.com/api/file/download?id=w5cLhJK5b88wdA1Q'}, {'name': '组 2', 'url': 'https://starbucks.joywok.com/api/file/download?id=tBt0HSLwHX37dhSz'}]",11154840,安徒生剪纸系列蝴蝶与芭蕾舞者款马克杯320ml ,商品,杯身立体浮雕工艺的蝴蝶缠绕于杯身两侧，仿佛围绕着杯子在起舞，搭配杯身烫金logo，简约又高级。杯盖处跳舞小金人点缀，好看又灵动。,[],"11/14上市
安徒生剪纸系列"
6UEpApdSR39Lce6C,aglOZaREQrwSukAz,"[{'name': '1024B-0905', 'url': 'https://starbucks.joywok.com/openfile/getfile?type=jw_n_maker&id=G4ZgMKU67uSw6pyB'}, {'name': '1024B-0905', 'url': 'https://starbucks.joywok.com/api/file/download?id=5UkDJsH9EgguzieZ'}, {'name': '组 1', 'url': 'https://starbucks.joywok.com/api/file/download?id=zCrgBESYaZdYkzM9'}, {'name': '组 3', 'url': 'https://starbucks.joywok.com/api/file/download?id=cmQGmrGEJ8cIAGDy'}, {'name': '组 5（合并）', 'url': 'https://starbucks.joywok.com/api/file/download?id=8gIJSpDNsI8lqlFB'}, {'name': '组 4（合并）', 'url': 'https://starbucks.joywok.com/api/file/download?id=xkpeGwHXwMGAYXlv'}, {'name': '杯子 故事书折页', 'url': 'https://starbucks.joywok.com/api/file/download?id=54KUHGOQRq0dZjEN'}, {'name': '组 2', 'url': 'https://starbucks.joywok.com/api/file/download?id=754yaNvTjRBjUT2k'}]",11154852,安徒生剪纸系列浮雕马克杯（配搅拌棒）335ml ,商品,杯身白色竖条纹浮雕工艺，搭配蓝色剪纸花纸，使画面增加立体纹理感。杯口及底部蓝色描边点缀，另配有镂空剪纸造型搅拌棒。,[],"11/14上市
安徒生剪纸系列"
8vw0e5ir0iWHhNs7,aglOZaREQrwSukAz,"[{'name': '1024B-0829', 'url': 'https://starbucks.joywok.com/openfile/getfile?type=jw_n_maker&id=IRlC8tjaHQgqr9b8'}, {'name': '1024B-0829', 'url': 'https://starbucks.joywok.com/api/file/download?id=bY5gJNJK7un2ACcK'}, {'name': '组 1', 'url': 'https://starbucks.joywok.com/api/file/download?id=x9hlArYGsPr88fjv'}, {'name': '组 3', 'url': 'https://starbucks.joywok.com/api/file/download?id=bEoen5kSnv84Op9y'}, {'name': '组 4', 'url': 'https://starbucks.joywok.com/api/file/download?id=bcxIWqx5qqvFMDwY'}, {'name': '杯子 故事书折页', 'url': 'https://starbucks.joywok.com/api/file/download?id=nYiC177Tfh2l3vcL'}, {'name': '组 2', 'url': 'https://starbucks.joywok.com/api/file/download?id=U5IoJNzMr2MYhWUE'}]",11154841,安徒生剪纸系列渐变蓝玻璃杯315ml ,商品,双层玻璃杯造型，内杯杯身渐变效果，正反面印有睡神奥列·路却埃 撑开伞与闭合伞的画面，两层杯子中间穿插立体爱心，故事感十足。（灯光下可以拍出好看的倒影）,[],"11/14上市
安徒生剪纸系列"
xbQ7Fsh2eBYxINhs,aglOZaREQrwSukAz,"[{'name': '1024B-1382', 'url': 'https://starbucks.joywok.com/openfile/getfile?type=jw_n_maker&id=EACilXo6JoT58F8t'}, {'name': '1024B-1326', 'url': 'https://starbucks.joywok.com/api/file/download?id=7DM9UkeQkZWy2DTt'}, {'name': '组 1', 'url': 'https://starbucks.joywok.com/api/file/download?id=pQujLMqtuGVaJNRF'}, {'name': '组 2', 'url': 'https://starbucks.joywok.com/api/file/download?id=MzNk6O8DnrlK2NLE'}, {'name': '组 3', 'url': 'https://starbucks.joywok.com/api/file/download?id=hJK8PGisJdMbyZf1'}, {'name': '组 5', 'url': 'https://starbucks.joywok.com/api/file/download?id=7H6h86KTXOmpJU3c'}, {'name': '组 11', 'url': 'https://starbucks.joywok.com/api/file/download?id=HolAUCrJmxP5W5AR'}, {'name': '组 12', 'url': 'https://starbucks.joywok.com/api/file/download?id=9N255KP2hK8xDb7i'}, {'name': '组 15', 'url': 'https://starbucks.joywok.com/api/file/download?id=JN0Dm6828HPNc5NU'}, {'name': '组 13', 'url': 'https://starbucks.joywok.com/api/file/download?id=45ftrVr9UeS6dtHf'}]",11154810,安徒生剪纸系列火漆手账套装礼盒,商品,礼盒中包含热气球造型金属镂空书签；木把手火漆印章（2款可换印章头以及火漆蜡）；安徒生剪纸系列手账本（PU皮封面、纸业内芯可自行更换）；同时配有同系列彩色明信片，是节日送礼收藏的好选择。,[],"11/14上市
安徒生剪纸系列"
Cp5f7NaEAOzGpLth,aglOZaREQrwSukAz,"[{'name': '1024B-0961', 'url': 'https://starbucks.joywok.com/openfile/getfile?type=jw_n_maker&id=juhlFOV5CNNvwPtJ'}, {'name': '1024B-0961', 'url': 'https://starbucks.joywok.com/api/file/download?id=NXDm0pv5euYHw8jQ'}, {'name': '组 1', 'url': 'https://starbucks.joywok.com/api/file/download?id=ep4Fc06ys4Y5wcAr'}, {'name': '组 2', 'url': 'https://starbucks.joywok.com/api/file/download?id=6ynRGRHUelE8Swhy'}, {'name': '组 6', 'url': 'https://starbucks.joywok.com/api/file/download?id=YUeu3fTjFF407tMh'}, {'name': '组 3', 'url': 'https://starbucks.joywok.com/api/file/download?id=PmODSxf5fEX56pGo'}, {'name': '杯子 故事书折页', 'url': 'https://starbucks.joywok.com/api/file/download?id=sCgA3RBmCqP1U7w5'}, {'name': '组 4', 'url': 'https://starbucks.joywok.com/api/file/download?id=2vl8XFcmbWqg8YbK'}]",11154846,安徒生剪纸系列膳魔师不锈钢随行杯礼盒400ml,商品,优雅的芭蕾演员在剧院翩翩起舞，充满丹麦童话感。书本形状的翻盖礼盒样式，使用环保杜邦纸，卡纸层叠效果，营造出层次感。卡扣设计，一键开启，单手操作更简便；防烫饮口，符合人体工学，饮水方便，出水流畅，防止洒漏；广口设计，方便清洗杯体。,[],"11/28上市
安徒生剪纸系列"
U8MFFsZvqG0iV4z9,aglOZaREQrwSukAz,"[{'name': '1024B-1001', 'url': 'https://starbucks.joywok.com/openfile/getfile?type=jw_n_maker&id=vEZo1eGQUdirEStU'}, {'name': '1024B-1001', 'url': 'https://starbucks.joywok.com/api/file/download?id=ULdPJRjkJ5p5gVfQ'}, {'name': '组 1', 'url': 'https://starbucks.joywok.com/api/file/download?id=rIMohar27SaZDro6'}, {'name': '组 3', 'url': 'https://starbucks.joywok.com/api/file/download?id=zhmMUYbN4jLFxyIC'}, {'name': '组 5', 'url': 'https://starbucks.joywok.com/api/file/download?id=8SznP95ydgOy5QHE'}, {'name': '杯子 故事书折页', 'url': 'https://starbucks.joywok.com/api/file/download?id=sbhr3vXzMO15YmpQ'}, {'name': '组 2', 'url': 'https://starbucks.joywok.com/api/file/download?id=QIeB3pSgQSK0HxeZ'}]",11154799,安徒生剪纸系列不锈钢迷你随行杯145ml ,商品,迷你口袋保温杯，手掌大小，可轻松放入口袋或者随身小包，冬日随身小口补水的轻便选择。北欧蓝配色，纯净不张扬。,[],"11/28上市
安徒生剪纸系列"
n8328dd9tyJywFLK,aglOZaREQrwSukAz,"[{'name': '1024B-1250', 'url': 'https://starbucks.joywok.com/openfile/getfile?type=jw_n_maker&id=gKOJGCEi8U8IHrpi'}, {'name': '12', 'url': 'https://starbucks.joywok.com/api/file/download?id=004hOiP7xhLjaHFw'}, {'name': '组 1', 'url': 'https://starbucks.joywok.com/api/file/download?id=hT7o8zZTYyMIRPep'}, {'name': '组 5', 'url': 'https://starbucks.joywok.com/api/file/download?id=GaqvzOmpQML05II3'}, {'name': '组 4', 'url': 'https://starbucks.joywok.com/api/file/download?id=8xP3RBgNTaDTVsI8'}, {'name': '组 3', 'url': 'https://starbucks.joywok.com/api/file/download?id=mHD3XK8S0BM6T795'}, {'name': '组 2', 'url': 'https://starbucks.joywok.com/api/file/download?id=4hnl38hoDZJIaegK'}]",11154811,安徒生剪纸系列芭蕾舞者小熊 ,商品,黑色纱裙穿着的毛绒小熊，头戴黑色羽毛发饰和皇冠，脚穿丝质舞鞋，身后有一只大大的黑色蝴蝶结，成为安徒生童话故事里的一员。,[],"11/28上市
安徒生剪纸系列"
gi7XM5WeD6fS8xNn,aglOZaREQrwSukAz,"[{'name': '1024B-1079', 'url': 'https://starbucks.joywok.com/openfile/getfile?type=jw_n_maker&id=5C6JhN8PL73uVD6H'}, {'name': '1024B-1079', 'url': 'https://starbucks.joywok.com/api/file/download?id=YvTEbiAH8jtG5oL7'}, {'name': '组 1', 'url': 'https://starbucks.joywok.com/api/file/download?id=UUjt0L8P9ej0KTxy'}, {'name': '组 3', 'url': 'https://starbucks.joywok.com/api/file/download?id=twbAiTLPIwkmyLdO'}, {'name': '组 5', 'url': 'https://starbucks.joywok.com/api/file/download?id=ETwc3yemDHnlm1kL'}, {'name': '组 6', 'url': 'https://starbucks.joywok.com/api/file/download?id=WAw1JHSA4Tq6t88B'}, {'name': '杯子 故事书折页', 'url': 'https://starbucks.joywok.com/api/file/download?id=ozg515ocf3aMpW5Q'}, {'name': '组 2', 'url': 'https://starbucks.joywok.com/api/file/download?id=nkQHr83BeyFtOth2'}]",11154805,安徒生剪纸系列铃铛款不锈钢随行杯290ml ,商品,造型小巧可爱，酷似圣诞铃铛，增添节日氛围。金色剪纸图案围绕杯身，麻花编织提手，方便外出手提。,[],"11/28上市
安徒生剪纸系列"
lEAxLDKGsaFfnZY0,aglOZaREQrwSukAz,"[{'name': '1024B-1420', 'url': 'https://starbucks.joywok.com/openfile/getfile?type=jw_n_maker&id=JCyYMsudsNLqMxQc'}, {'name': '1024B-1420', 'url': 'https://starbucks.joywok.com/api/file/download?id=OQBqi2gRnRpBq2Hg'}, {'name': '组 1', 'url': 'https://starbucks.joywok.com/api/file/download?id=nPhDmx0LFAjqwE3u'}, {'name': '组 3（合并）', 'url': 'https://starbucks.joywok.com/api/file/download?id=LDuf5hdr3Gy2k71t'}, {'name': '组 6', 'url': 'https://starbucks.joywok.com/api/file/download?id=RDW5guNS1FC5hZ8R'}, {'name': '组 9', 'url': 'https://starbucks.joywok.com/api/file/download?id=65506SoflrBI7Osm'}, {'name': '组 11', 'url': 'https://starbucks.joywok.com/api/file/download?id=gEYl1vF1P94Fj37J'}, {'name': '组 10', 'url': 'https://starbucks.joywok.com/api/file/download?id=ED6b2n6A3CSqrLTD'}, {'name': '杯子 故事书折页', 'url': 'https://starbucks.joywok.com/api/file/download?id=HKtenW2cU8UCxpFe'}, {'name': '组 2', 'url': 'https://starbucks.joywok.com/api/file/download?id=JVdpvC7p3qYd8PJM'}]",11154806,安徒生礼盒不锈钢杯370ml配Moleskine ,商品,Moleskine童话风格笔记本搭配双层旋盖茶滤保温杯，第一层可过滤茶叶等，第二层大口径，方便直饮和清洗。剪纸风格镂空礼盒，放入光源即刻变身为一盏氛围灯，让礼盒不再闲置浪费。Moleskine笔记本，采用无酸纸，另外配有水洗牛皮纸印刷镂空封套，可呈现2种不同风格，封套带有卡槽，可放入一张卡片，方便出行是携带。,[],"11/28上市
安徒生剪纸系列"
t6m5bZlKA8MeMsat,aglOZaREQrwSukAz,"[{'name': '1024B-0356', 'url': 'https://starbucks.joywok.com/openfile/getfile?type=jw_n_maker&id=k4ZK7zacY6k4abRH'}, {'name': '1024B-0356', 'url': 'https://starbucks.joywok.com/api/file/download?id=HwVk4UOSp8YrXm11'}, {'name': '组 1', 'url': 'https://starbucks.joywok.com/api/file/download?id=iHsH7CbS0I0aYa8l'}, {'name': '组 3', 'url': 'https://starbucks.joywok.com/api/file/download?id=yS9VyqSDiffQd4Qa'}, {'name': '组 5', 'url': 'https://starbucks.joywok.com/api/file/download?id=zCEr5xJUtzUUXkG1'}, {'name': '组 6', 'url': 'https://starbucks.joywok.com/api/file/download?id=g7zuOtedzLKPmaOI'}, {'name': '组 8', 'url': 'https://starbucks.joywok.com/api/file/download?id=zbpgpArcklSP5L87'}, {'name': '杯子 故事书折页', 'url': 'https://starbucks.joywok.com/api/file/download?id=75XGYHD5BRyZud85'}, {'name': '组 2', 'url': 'https://starbucks.joywok.com/api/file/download?id=FErycx5Ma1Oq8r9H'}]",11154856,安徒生剪纸系列双饮口不锈钢杯（配挂链）480ml ,商品,红金配色的新款不锈钢杯体，双饮口杯盖更加便于饮用。红色的安徒生剪纸画面用了水贴的效果，金色的logo和签名加以点缀，配件是安徒生剪纸造型的金属挂件，与金色logo相得益彰。,[],"11/14上市
安徒生剪纸系列"
cg5EFG5IL42wAWmi,aglOZaREQrwSukAz,"[{'name': '1024B-0594', 'url': 'https://starbucks.joywok.com/openfile/getfile?type=jw_n_maker&id=dpPfTp1bFmiz79r7'}, {'name': '1024B-0594', 'url': 'https://starbucks.joywok.com/api/file/download?id=DFYC60d2Za8WI6HI'}, {'name': '组 1', 'url': 'https://starbucks.joywok.com/api/file/download?id=JomHQqbUcqjRVtjp'}, {'name': '组 3', 'url': 'https://starbucks.joywok.com/api/file/download?id=UcixCygwx0T47MQj'}, {'name': '组 4', 'url': 'https://starbucks.joywok.com/api/file/download?id=Ma96DgNOO8I8GxF0'}, {'name': '组6', 'url': 'https://starbucks.joywok.com/api/file/download?id=OxvRmnPGeravLvjb'}, {'name': '杯子 故事书折页', 'url': 'https://starbucks.joywok.com/api/file/download?id=Z5IIC5J0FIpOF1oj'}, {'name': '组 2', 'url': 'https://starbucks.joywok.com/api/file/download?id=7LTSv4czWkuzlK0B'}]",11154798,安徒生剪纸系列Stanley不锈钢杯414ml ,商品,STANLEY不锈钢吸管杯，特为亚洲市场开发，吸管和直饮双饮口设计，杯身更加符合亚洲女生手寸，轻巧好握。 广口设计易清洗，杯身装饰安徒生剪纸图案，增添设计感。,[],"11/28上市
安徒生剪纸系列"
8T2qLGA7lPYWO3m7,aglOZaREQrwSukAz,"[{'name': '1024B-0539', 'url': 'https://starbucks.joywok.com/openfile/getfile?type=jw_n_maker&id=gg578YAVpsQ2wS9y'}, {'name': '1024B-0539', 'url': 'https://starbucks.joywok.com/api/file/download?id=axMn5U5yQ55i5yZk'}, {'name': '组 1', 'url': 'https://starbucks.joywok.com/api/file/download?id=1WwJ2fAHhjVoHnAw'}, {'name': '组 3', 'url': 'https://starbucks.joywok.com/api/file/download?id=Py7026hith2LIuL5'}, {'name': '组 4', 'url': 'https://starbucks.joywok.com/api/file/download?id=kHtaOaY2sm7W3j6D'}, {'name': '组 7', 'url': 'https://starbucks.joywok.com/api/file/download?id=UZPgCSA0XdWZaeg5'}, {'name': '杯子 故事书折页', 'url': 'https://starbucks.joywok.com/api/file/download?id=XOQ6JMrshUNd9o1d'}, {'name': '组 2', 'url': 'https://starbucks.joywok.com/api/file/download?id=NVA9BEc8bVgeA7xy'}]",11154804,安徒生剪纸系列芭蕾剧场款不锈钢随行杯350ml ,商品,不锈钢不倒杯，杯底带有不倒吸盘，轻推不倒，防止意外翻撒，垂直可轻松拿起。金属漆搭配l镂空剪纸风格插页，营造剧场氛围感。双层设计，杯身防烫，杯盖可180度平开，喝水不碰鼻。,[],"11/28上市
安徒生剪纸系列"
7WucGm1HEhO3T3oa,aglOZaREQrwSukAz,"[{'name': '17', 'url': 'https://starbucks.joywok.com/openfile/getfile?type=jw_n_maker&id=u8Hx5GfsoWv8VXkG'}, {'name': '287bca191a0c363d273b94cd0bfea44d', 'url': 'https://starbucks.joywok.com/api/file/download?id=w0axGDsUKBjdpemi'}, {'name': '18', 'url': 'https://starbucks.joywok.com/api/file/download?id=95s1fo52bjz9pIP8'}]",, 丹麦安徒生博物馆剪纸藏品合作系列,商品,很多人只知道“童话大王”安徒生却很少人了解“剪纸大师”安徒生安徒生写过很多脍炙人口的童话他还有一个隐藏身份——剪纸艺术家安徒生童话的构思与灵感常常来自于他的剪纸，剪纸不只是他的爱好，更是他童话的一部分。安徒生本人也写过：“我的剪纸就是一篇童话。”安徒生在给孩童们讲完故事后，会把剪纸送给他们，现存的大多数剪纸作品收藏在丹麦安徒生博物馆中 。星巴克携手丹麦安徒生博物馆，带来全新安徒生剪纸藏品合作系列星杯。设计灵感来自于[月光剧院][天鹅舞者][山上磨坊][小丑起舞][浪漫环游]等经典安徒生剪纸图案。每一个杯子，就像一个小小的奇趣舞台，舞者、天使、各种角色置身其中，宛如在杯壁上演一出出梦幻、欢快、戏谑的剧目，在冬日给大家带来愉悦和温暖。 指尖剧场   暖冬热映,"[{'name': '安徒生剪纸系列激励徽章(1)', 'file_type': 'jw_n_doc', 'url': 'https://starbucks.joywok.com/api/file/download?id=ZPzBZxVOfx4ES6w5'}]","剪纸艺术
博物馆典藏"
AdHVK8UzBu1o1ZEY,aglOZaREQrwSukAz,"[{'name': '1024B-0496', 'url': 'https://starbucks.joywok.com/openfile/getfile?type=jw_n_maker&id=OUwrR81McbLU3u3S'}, {'name': '1024B-0496', 'url': 'https://starbucks.joywok.com/api/file/download?id=Chc9EkW05CHuphrY'}, {'name': '组 3', 'url': 'https://starbucks.joywok.com/api/file/download?id=QkP8IigTqW2pGLEi'}, {'name': '组 2', 'url': 'https://starbucks.joywok.com/api/file/download?id=OsWCHxGLvJbQMX59'}, {'name': '组 13', 'url': 'https://starbucks.joywok.com/api/file/download?id=dU8csnoTvhoRICUL'}, {'name': '杯子 故事书折页', 'url': 'https://starbucks.joywok.com/api/file/download?id=TAqu14qJBdeCw4bQ'}, {'name': '组 6', 'url': 'https://starbucks.joywok.com/api/file/download?id=cMRwWieNMvNt80Ww'}]",11154847,安徒生剪纸系列膳魔师双头不锈钢杯(配肩带) ,商品,优雅的芭蕾演员在天鹅上翩翩起舞，清新绿色配色搭配剪纸图案充满丹麦童话感。杯身实体哑光漆，二段式开盖，防喷溅，易清洗设计，清洗无死角，倒置不漏水，加倍安全守护，婴儿级硅胶吸管，耐咬啃，耐高温，直饮，吸管双杯盖。超长效力保温，背带设计方便携带。,[],"11/28上市
安徒生剪纸系列"
s568ggwtSjMVmE2m,aglOZaREQrwSukAz,"[{'name': '1024B-1293', 'url': 'https://starbucks.joywok.com/openfile/getfile?type=jw_n_maker&id=IbUHhLKqD12IMdpn'}, {'name': '1024B-1293', 'url': 'https://starbucks.joywok.com/api/file/download?id=1f3Vp5PHJuy1mOFp'}, {'name': '组 1', 'url': 'https://starbucks.joywok.com/api/file/download?id=FoRtikTHBG6Sjrar'}, {'name': '组 3', 'url': 'https://starbucks.joywok.com/api/file/download?id=8AhHNQc5mm7zRpUR'}, {'name': '组 5', 'url': 'https://starbucks.joywok.com/api/file/download?id=5VVgv5a0MwtTDsw9'}, {'name': '组 4（合并）', 'url': 'https://starbucks.joywok.com/api/file/download?id=Y808dD0u2djIKBW0'}, {'name': '杯子 故事书折页', 'url': 'https://starbucks.joywok.com/api/file/download?id=JEHUg2IyqSBd6IYa'}, {'name': '组 2（合并）', 'url': 'https://starbucks.joywok.com/api/file/download?id=v8Kc6MX9NEOxQs5F'}]",11154843,安徒生剪纸系列摆件玻璃杯320ml ,商品,玻璃杯身搭配立体贴花工艺，仿佛小人围绕着杯子在跳舞。4种造型的金属摆件，故事意义丰富。当把金属台的杯子替换成点燃的蜡烛，摆件受热后会转动起来，整套产品既有颜值又兼顾了趣味性。礼盒包装，适合节日送礼。,[],"11/14上市
安徒生剪纸系列"
jPZuaq7nFd80cTUy,aglOZaREQrwSukAz,"[{'name': '1024B-0839', 'url': 'https://starbucks.joywok.com/openfile/getfile?type=jw_n_maker&id=5ubSdOenP2Ieb8Et'}, {'name': '1024B-0839', 'url': 'https://starbucks.joywok.com/api/file/download?id=2sUz2KMlTM65Ovr5'}, {'name': '组 1', 'url': 'https://starbucks.joywok.com/api/file/download?id=83R227xJzwB1d1mQ'}, {'name': '组 3', 'url': 'https://starbucks.joywok.com/api/file/download?id=p7Bk0hPjGgGEezxw'}, {'name': '组 4', 'url': 'https://starbucks.joywok.com/api/file/download?id=Qt4JkRYlkfG4bv7d'}, {'name': '杯子 故事书折页', 'url': 'https://starbucks.joywok.com/api/file/download?id=j08KQlzTu2tso8f3'}, {'name': '组 2', 'url': 'https://starbucks.joywok.com/api/file/download?id=5mKa61VuCjRgzqWt'}]",11154855,安徒生剪纸系列幻彩玻璃杯265ml ,商品,天使翅膀造型的双层玻璃杯，整体电镀幻彩效果，杯身两侧是立体的天使翅膀把手，杯身印有透明logo和安徒生签名，仿佛回到童话世界。（灯光下可以拍出好看的倒影）,[],"11/14上市
安徒生剪纸系列"
5RO730v2hDFuseTL,aglOZaREQrwSukAz,"[{'name': '1024B-0787', 'url': 'https://starbucks.joywok.com/openfile/getfile?type=jw_n_maker&id=b7huvvuDByDkk7pC'}, {'name': '10', 'url': 'https://starbucks.joywok.com/api/file/download?id=tCv4pfv6wqhcSl7i'}, {'name': '组 1', 'url': 'https://starbucks.joywok.com/api/file/download?id=znLghHaFQGE3JlL9'}, {'name': '组 3', 'url': 'https://starbucks.joywok.com/api/file/download?id=gM0Cn7udwcFRE1lc'}, {'name': '组 4', 'url': 'https://starbucks.joywok.com/api/file/download?id=Z2a81KqBGCD8jAKV'}, {'name': '组 5', 'url': 'https://starbucks.joywok.com/api/file/download?id=fjOcRQO9Ej8hyD58'}, {'name': '杯子 故事书折页', 'url': 'https://starbucks.joywok.com/api/file/download?id=aEE5Yp3UvexO5bra'}, {'name': '组 2', 'url': 'https://starbucks.joywok.com/api/file/download?id=802gfzblYHGH8qZK'}]",11154854,安徒生剪纸系列热气球与天鹅款双层玻璃杯210ml ,商品,热气球造型的双层玻璃杯，内胆蓝色有色玻璃，外杯电镀幻彩效果，杯身银色logo和安徒生签名，杯盖搭配一只立体天鹅，显得高雅有设计。（灯光下可以拍出好看的倒影）,[],"11/14上市
安徒生剪纸系列"
5QcJr0ygPINnbgJl,aglOZaREQrwSukAz,"[{'name': '4', 'url': 'https://starbucks.joywok.com/openfile/getfile?type=jw_n_maker&id=RHfPe2tdeyT8W7FK'}, {'name': '组 1', 'url': 'https://starbucks.joywok.com/api/file/download?id=HfgdB0UC4BHRqz4J'}, {'name': '组 3', 'url': 'https://starbucks.joywok.com/api/file/download?id=feIksbIpbmCLGSg7'}, {'name': '组 4', 'url': 'https://starbucks.joywok.com/api/file/download?id=taUlCednsgQVLTr4'}, {'name': '组 6', 'url': 'https://starbucks.joywok.com/api/file/download?id=G9Zkc7fBZuTIusxp'}, {'name': '杯子 故事书折页', 'url': 'https://starbucks.joywok.com/api/file/download?id=LYPOZoLtHjcWEvil'}, {'name': '组 2', 'url': 'https://starbucks.joywok.com/api/file/download?id=TFcRyoIHJdY96K8p'}]",11154842,安徒生剪纸系列磨坊主爱心锁扣不锈钢杯400ml ,商品,杯身造型圆润可爱，杯身运用了剪纸风格，杯身宽口设计，方便注水和清洗；饮用口采用咖啡饮用口设计，贴合唇形，开盖旋转即刻畅饮。提示：请按照图中展示，杯身图案和爱心都在侧面陈列（无需将杯身图案正面对着顾客展示）,[],"11/14上市
安徒生剪纸系列"
zXBySfMfT9P55x5L,aglOZaREQrwSukAz,"[{'name': '袜是苹果轮播图', 'url': 'https://starbucks.joywok.com/openfile/getfile?type=jw_n_maker&id=RW5CWkXBVkMjoPZR'}, {'name': '袜是苹果轮播图', 'url': 'https://starbucks.joywok.com/api/file/download?id=TzeSjfeDL58g5zu2'}]",,袜！是苹果！ ,星光会员节,第一阶段 苹果袜买赠活动-袜！是苹果！：（仅限北京、上海、杭州、广州、成都、南京6个指定城市） 星巴克会员正价打卡红富士系列饮品享苹果袜---活动详情和操作指引请关注---11/23 BNTK发布---,"[{'name': '苹果系列买赠', 'file_type': 'jw_n_doc', 'url': 'https://starbucks.joywok.com/api/file/download?id=VMUaEvnrnBh9el1U'}]","活动一
11/28开始
指定6城"
2Mx6k5iJiKsKTSRF,aglOZaREQrwSukAz,"[{'name': '星光盛典菜单页小图', 'url': 'https://starbucks.joywok.com/openfile/getfile?type=jw_n_maker&id=5nuMn6p2QxA0NIJN'}, {'name': '星光盛典轮播图', 'url': 'https://starbucks.joywok.com/api/file/download?id=aoiMLSejxAkPArFZ'}]",,星光盛典预告  ,星光会员节,第五阶段 1215星光盛典 年度星光盛典火热回归，好久不见 星光盛典门店类型 暖星会员夜门店：区域指定23家门店（含上海烘焙工坊、星巴克臻选咖啡焙烤坊）暖星咖啡品鉴会门店：区域指定160家门店 沟通渠道 1. 全国星光盛典详情及伙伴操作指引，将在12/7发布BNTK通知4. 举办暖星会员夜和暖星咖啡品鉴会的门店清单，请门店登入路径：RP-知识中心-营运部-星巴克会员节进行下载查看---1215 星光盛典预告请伙伴移动至【星光盛典】 页进行阅览--- 更多详情敬请期待12/7 BNTK,"[{'name': '星光盛典预告', 'file_type': 'jw_n_doc', 'url': 'https://starbucks.joywok.com/api/file/download?id=v0zPFuR8gnWntoF3'}]","活动五
12/15"
dzyRutLJPgIclCqi,aglOZaREQrwSukAz,"[{'name': 'WeChat Image_20231120141210', 'url': 'https://starbucks.joywok.com/openfile/getfile?type=jw_n_maker&id=VcPd0hxlObUBnhll'}, {'name': 'WeChat Image_20231120141210', 'url': 'https://starbucks.joywok.com/api/file/download?id=qhQXQokKac6oU8cV'}]",,企微助力星光会员节  ,星光会员节,星光会员节期间的企微助力 11/27-12/14 社群互动中心化推送-熊店长小助手每日推送相关活动社群互动故事征集 -一年一度社群感谢季， 用故事赢社群限定周边绿围群互动发布 - 为期三周的UGC征集话题活动，鼓励伙伴积极参与，赢限定周边和电子星礼卡 12/15一年一度“社群”感谢颁奖礼,"[{'name': '企微助力星光会员节', 'file_type': 'jw_n_doc', 'url': 'https://starbucks.joywok.com/api/file/download?id=a85YajuRMGD9nULO'}]","社群互动
绿围群活动"
dvY1P75NS5Q1odAr,aglOZaREQrwSukAz,"[{'name': 'WeChat Image_20231122125605', 'url': 'https://starbucks.joywok.com/openfile/getfile?type=jw_n_maker&id=rxwg9ovFaL8fOtC8'}, {'name': 'WeChat Image_20231122125601', 'url': 'https://starbucks.joywok.com/api/file/download?id=ggoEMGjkOxLeyXJA'}, {'name': 'WeChat Image_20231122125822', 'url': 'https://starbucks.joywok.com/api/file/download?id=dpOZVsJMakerSn8e'}]",,星巴克APP专场  ,星光会员节,第二阶段 节日大促-星巴克APP专场活动 ：：会员通过星巴克APP可参与追星站活动包含爆红包、限时购、星愿追星站手机壳活动---请门店收到陈列架物料先妥善保存，活动详情和操作指引请伙伴关注11/27 BNTK---,"[{'name': '第三模块-节日大促', 'file_type': 'jw_n_doc', 'url': 'https://starbucks.joywok.com/api/file/download?id=AIN7puaXBblb4o5N'}]","活动二
12/4-12/10"
68rWAWDXf8BahTaW,aglOZaREQrwSukAz,"[{'name': '星运抽奖轮播图', 'url': 'https://starbucks.joywok.com/openfile/getfile?type=jw_n_maker&id=E5OpiUAOxKJU8JYY'}, {'name': 'WeChat Image_20231122110737', 'url': 'https://starbucks.joywok.com/api/file/download?id=t5AKzt0ONLd1lcRv'}, {'name': '星动市集轮播图', 'url': 'https://starbucks.joywok.com/api/file/download?id=w5AKwfS2qPFw1YTH'}]",,开星抽奖&星动市集  ,星光会员节,第三阶段 单单有礼-开星抽奖：会员任意消费可参与抽奖赢：iphone手机/iwatch手表/明星签名照/苹果袜子/苹果饮品券---活动详情和操作指引请伙伴关注12/7 BNTK ---  第四阶段 星星兑换-星动市集：限时开启 兑换冬季“暖绒绒“周边白天摘星，晚上“用”星---活动详情请伙伴移动至【单单有礼&星星兑换】 页进行阅览---,"[{'name': '开星抽奖&星动市集', 'file_type': 'jw_n_doc', 'url': 'https://starbucks.joywok.com/api/file/download?id=JYZ2X1l4QDuDZlI5'}]","活动三&四
12/11-12/15"
R2CUWD5W8bOddC2E,aglOZaREQrwSukAz,"[{'name': 'image4', 'url': 'https://starbucks.joywok.com/openfile/getfile?type=jw_n_maker&id=V9YwZkFsGNyFGQP1'}, {'name': 'image4', 'url': 'https://starbucks.joywok.com/api/file/download?id=qCxzmNIgewagWZQV'}]",,苹苹暖冬 红红火火,档期理念,节日气氛渐渐浓郁，等的就是一股子红红火火。红杯与红富士咖啡，带来一个最快乐最红火的冬天！咖啡遇见红富士苹果，香气萦绕鼻尖。苹果的清甜与咖啡的醇香融合，在口中跳跃，快乐怦怦迸发。  一杯红富士苹果咖啡  温暖这个冬天， 一起红红火火！,[],
sMxU8nVyvJMMOfDX,aglOZaREQrwSukAz,"[{'name': '开心果瑞士卷', 'url': 'https://starbucks.joywok.com/openfile/getfile?type=jw_n_maker&id=dWdxIYrJp4Ipdyq8'}, {'name': '开心果瑞士卷', 'url': 'https://starbucks.joywok.com/api/file/download?id=rr3ilnobOX28lYMj'}, {'name': '蛋糕马卡龙礼盒组', 'url': 'https://starbucks.joywok.com/api/file/download?id=47rrhtErBI6QrXYa'}, {'name': '一起开心果瑞士卷_A', 'url': 'https://starbucks.joywok.com/api/file/download?id=ZEwxuwrjmXtueGXS'}, {'name': '开心果', 'url': 'https://starbucks.joywok.com/api/file/download?id=2UWP5ORChmU8ECCO'}]",11153894,一起开心果瑞士卷,食品,产品介绍：一款结合了柔软的蛋糕大卷和奶酪蛋糕的美好组合，以开心果酱为基底的坚果香气、顺滑口感，整体风味温润柔和。不论是作为下午茶的点心，还是与挚爱分享的甜蜜时刻，都是这个冬季令人开心的开心果瑞士卷！推荐话术：这款开心果瑞士卷顺滑口感，整体风味温润柔和，如果喜欢的话可以尝试下哦！建议搭配：饮品 ：红富士摩卡、热美式咖啡冲煮咖啡 ：星巴克圣诞综合咖啡豆温馨提示：伙伴可以在完成试吃后登入电子食品护照【路径：绿围群APP-个人中心-食品护照】，留下美好的试吃回忆~,"[{'name': '一起开心果瑞士卷', 'file_type': 'jw_n_doc', 'url': 'https://starbucks.joywok.com/api/file/download?id=zUn1SgyfP8h1cxJe'}]","11/28上新
12颗星星兑换"
XAk6FeXirFOb3oKc,aglOZaREQrwSukAz,"[{'name': '五种芝士蛋糕', 'url': 'https://starbucks.joywok.com/openfile/getfile?type=jw_n_maker&id=YOJYejpjoh88VjXX'}, {'name': '五种芝士蛋糕', 'url': 'https://starbucks.joywok.com/api/file/download?id=XTQvTKe54alwbqvP'}, {'name': '芝士组', 'url': 'https://starbucks.joywok.com/api/file/download?id=NFWUUadkxuGOsGVE'}, {'name': '五种芝士蛋糕_A', 'url': 'https://starbucks.joywok.com/api/file/download?id=WLtxcERKtPzKPZse'}, {'name': '5种芝士', 'url': 'https://starbucks.joywok.com/api/file/download?id=yE9E8teAsrCpL2an'}]",11153892双入/11153893单入,五种芝士蛋糕,食品,产品介绍：芝士星人喊你来集合！通过一款美妙的五种芝士蛋糕，带来一场芝士的盛宴！采用奶油芝士搭配酥软的饼干底，马斯卡布尼芝士细腻且略带甜味，与饼干底相得益彰。车达芝士浓厚的口感与高达芝士独特的丝滑口感和奶香味，洒上巴马芝士粉，增添了咸香的层次，整体浓郁香浓、细腻滑顺，每一口都能感受到芝士的独特魅力。推荐话术：这款蛋糕含有5种芝士，整体浓郁香浓、细腻滑顺，每一口都能感受到芝士的独特魅力。要尝试一下吗？建议搭配：饮品 ：红富士拿铁、热美式咖啡冲煮咖啡 ：星巴克圣诞综合咖啡豆温馨提示：伙伴可以在完成试吃后登入电子食品护照【路径：绿围群APP-个人中心-食品护照】，留下美好的试吃回忆~,"[{'name': '五种芝士蛋糕', 'file_type': 'jw_n_doc', 'url': 'https://starbucks.joywok.com/api/file/download?id=sAqoCPHqBxBBvO0O'}]","11/28上新
12颗星星兑换"
QldF68bjoZ8mV42v,aglOZaREQrwSukAz,"[{'name': '菠菜', 'url': 'https://starbucks.joywok.com/openfile/getfile?type=jw_n_maker&id=HF7HzL2CUzW8dwxh'}, {'name': '菠菜', 'url': 'https://starbucks.joywok.com/api/file/download?id=EPFafs6ms1dEA2eo'}, {'name': '菠菜南瓜芝士派', 'url': 'https://starbucks.joywok.com/api/file/download?id=6ORkfHhoPNv7dAld'}, {'name': '菠菜南瓜芝士派_A', 'url': 'https://starbucks.joywok.com/api/file/download?id=Q0h4CPi0bkWm584M'}, {'name': '菠菜南瓜芝士派_B', 'url': 'https://starbucks.joywok.com/api/file/download?id=yu4FC75GojuHGON9'}]",11153875,菠菜南瓜芝士派,食品,产品介绍：酥皮烘烤过后金黄香脆，内馅选用奶油芝士、车达芝士酱、帕玛臣芝士精心搭配，搭配菠菜和烤制南瓜来提供丰富口感。咸香馥郁、层次丰富，是美味营养的暖心之选。加热指引：Sandwich-Spinach Pie推荐话术：全新上市的菠菜南瓜芝士派，内馅选用不同芝士精心搭配，咸香馥郁，需要来一个试试吗？建议搭配：饮品 ：太妃榛果拿铁、热美式咖啡冲煮咖啡 ：浓缩烘焙咖啡豆温馨提示：伙伴可以在完成试吃后登入电子食品护照【路径：绿围群APP-个人中心-食品护照】，留下美好的试吃回忆~,"[{'name': '菠菜南瓜芝士派', 'file_type': 'jw_n_doc', 'url': 'https://starbucks.joywok.com/api/file/download?id=EVCzbSaq69EOCx35'}]","11/28上新
12颗星星兑换"
SO5QpMjHztPOh5Ra,aglOZaREQrwSukAz,"[{'name': 'WeChat Image_20231117154813', 'url': 'https://starbucks.joywok.com/openfile/getfile?type=jw_n_maker&id=zUTn2Emw6rlL0ixL'}, {'name': '7caebcd87a980aede7c393c9fd2d4ced', 'url': 'https://starbucks.joywok.com/api/file/download?id=G0H0xvhACQidxNOA'}, {'name': 'WeChat Image_20231117154802', 'url': 'https://starbucks.joywok.com/api/file/download?id=bWHfi7uc5XKVaWE5'}]",,门票预订指引  ,星光会员节,1215星光盛典门票预订视频教程 建议伙伴全程进行观看！- 最上方位置 关于星光盛典门票的具体指引请伙伴移动至【门票预订详情】 页全程进行阅览,"[{'name': '门票预订指引', 'file_type': 'jw_n_doc', 'url': 'https://starbucks.joywok.com/api/file/download?id=EvoalIYcoCX7BWKM'}]","视频教程
12/11-12/14"
EjXYnfDaA8ZCun8l,aglOZaREQrwSukAz,"[{'name': 'WeChat Image_20231117153153', 'url': 'https://starbucks.joywok.com/openfile/getfile?type=jw_n_maker&id=4Pbl7c74UvuQu3P5'}, {'name': 'WeChat Image_20231117153204', 'url': 'https://starbucks.joywok.com/api/file/download?id=FIFgN1dCYF5EptWu'}]",,理念 | 时间表 ,星光会员节,冬日暖星 有没有一颗星星，比太阳更暖？有没有一种心意，从不会降温？星巴克就像你身边的一颗“暖星”持续发射温暖射线，为生活注入美好暖意而它的地心引力，更拉近了你我之间的距离，让情感逐渐升温这个冬日，星巴克限时启动【暖星企划】将暖暖心意化作源源好礼与福利，走星回馈每一位有星的你快来相聚，感受星巴克从不降温的暖暖“星意”！,"[{'name': '会员节时间表', 'file_type': 'jw_n_doc', 'url': 'https://starbucks.joywok.com/api/file/download?id=g4T2NGdmLTZX9Gge'}]","11/28-12/15星光会员节
冬日暖星"
v9wW7OTaYRzWfqRE,aglOZaREQrwSukAz,"[{'name': '大图', 'url': 'https://starbucks.joywok.com/openfile/getfile?type=jw_n_maker&id=BMblOTIWIuEMi38m'}, {'name': '1111', 'url': 'https://starbucks.joywok.com/api/file/download?id=nccIZWCMwqXl9EDf'}, {'name': '3', 'url': 'https://starbucks.joywok.com/api/file/download?id=xjG4z0L03nmKoooU'}, {'name': '5', 'url': 'https://starbucks.joywok.com/api/file/download?id=TiqwJtQeL5d4c2Zx'}, {'name': '6', 'url': 'https://starbucks.joywok.com/api/file/download?id=2XRM8Ysaf5ANCBS4'}, {'name': '8', 'url': 'https://starbucks.joywok.com/api/file/download?id=hdZ20SPSnp2TIWN1'}, {'name': '1', 'url': 'https://starbucks.joywok.com/api/file/download?id=HGYKcFisxcCOsh16'}, {'name': '4', 'url': 'https://starbucks.joywok.com/api/file/download?id=2P6Q8dx1JpvGNChh'}, {'name': '2', 'url': 'https://starbucks.joywok.com/api/file/download?id=pgM81oanLorqApvb'}]",11153913,星舒适会员星礼包 ,会员星礼包,随着气温的下降，我们将推出一款温馨的星舒适会员星礼包，随卡含多功能夜灯加湿器1个，随时随地感受温暖与保湿的舒适环境。销售亮点：1.颜值在线，装点秋冬季桌面2.实用主义典范，夜灯加湿功能，兼具性价比3.随心加湿，萌萌熊店长给你带来舒适环境4.暖色夜灯，温馨氛围一点即得,[],"11/28上市
加湿器"
XnmBK6YqXzA0sYMT,aglOZaREQrwSukAz,"[{'name': '3028cc51289d209ab48e927da2ed3e0', 'url': 'https://starbucks.joywok.com/openfile/getfile?type=jw_n_maker&id=NMsV9ENx5s6zlCAI'}, {'name': 'MIXATO热红酒', 'url': 'https://starbucks.joywok.com/api/file/download?id=sglQhx8Wsz8X6uL7'}, {'name': '3028cc51289d209ab48e927da2ed3e0', 'url': 'https://starbucks.joywok.com/api/file/download?id=g1eNeXeuB4RgM0jd'}]",,MIXATO 招牌热红酒 ,RO饮品,MIXATO招牌热红酒经典回归！非常具有节日特色的一款热红酒，用香料茶温暖的辛香，交织着力娇酒那清新的柑橘般风味，再用雪莉酒带来悠长的尾韵。这一杯，是你冬日里无法放手的温暖。,"[{'name': 'MIXATO招牌热红酒', 'file_type': 'jw_n_doc', 'url': 'https://starbucks.joywok.com/api/file/download?id=tgeADGZLNy24Lx1V'}]","12/12上市
BAR MIXATO"
1GM9rbqcBLPm0tHx,aglOZaREQrwSukAz,"[{'name': '雪舞莓香', 'url': 'https://starbucks.joywok.com/openfile/getfile?type=jw_n_maker&id=NRdo93CPNOEMTucW'}, {'name': '雪舞莓香', 'url': 'https://starbucks.joywok.com/api/file/download?id=V8x7ZlixQeqJPI3N'}, {'name': '雪舞莓香', 'url': 'https://starbucks.joywok.com/api/file/download?id=TeOg5XJYlye1It7O'}]",,雪舞莓香,RO饮品,顶部覆盖的是绵密的稀奶油，底部涌动的是莓香瑰露乌龙茶与酒的创意融合。杏味力娇酒在茶感和酒感中带入一丝杏仁芳香，带来一杯专属冬日的浪漫。,"[{'name': '雪舞莓香', 'file_type': 'jw_n_doc', 'url': 'https://starbucks.joywok.com/api/file/download?id=iwHbB3k6EHNLTxOh'}]","12/12上市
BAR MIXATO"
gJ7ZaMCRl9G2DAAt,aglOZaREQrwSukAz,"[{'name': '大图22', 'url': 'https://starbucks.joywok.com/openfile/getfile?type=jw_n_maker&id=c8IsmVo4rAWLi8zT'}, {'name': '22', 'url': 'https://starbucks.joywok.com/api/file/download?id=ox8lBVkYrb5Sv0NZ'}]",11155066/11155067,2024新年快乐星礼卡,星礼卡,随着新年档期的临近，我们会提供一款2024新年星礼卡，该卡面将采用3D分层的效果，展现新国潮的设计概念，展望2024美好的开端，从而增加节日卡片销售机会。,[],11/28上市
RV7v38HavZhg8wQq,aglOZaREQrwSukAz,"[{'name': 'Weixin Image_20231128183344', 'url': 'https://starbucks.joywok.com/openfile/getfile?type=jw_n_maker&id=fL28635BbRAae8Gw'}, {'name': 'starbucks-christmas_11', 'url': 'https://starbucks.joywok.com/api/file/download?id=iyqHnRDq9PF01hSl'}]",,咖啡宝藏系列,商品,咖啡是星巴克的核心，也是我们创造人文联结的桥梁。在这样一个与家人和朋友欢聚一堂、分享欢乐的节日里，星巴克也想把最重要的“咖啡宝藏”分享给消费者。此次咖啡宝藏系列商品设计灵感来源于从咖啡种子到一杯咖啡的全过程。从珍珠般洁白无暇的咖啡花，到红宝石般璀璨闪耀的咖啡浆果，到猫眼石般贵气灵动的绿色咖啡生豆，再到黄钻石般雍容华贵的烘培咖啡，最后到黑金般厚重典雅的咖啡浓缩，这些都是星巴克的咖啡宝藏。借助咖啡宝藏系列商品，在这充满快乐的节日里，与我们的伙伴和顾客、家人和朋友彼此分享祝福和欢乐。为所有人，确保可持续的咖啡未来!咖啡宝藏系列，为时光上色！,[],"匠心
勇气
快乐"
Y3Xb58L8wd3geFX4,aglOZaREQrwSukAz,"[{'name': '11.14 星巴克1005', 'url': 'https://starbucks.joywok.com/openfile/getfile?type=jw_n_maker&id=6ohDXWMqnu9qOcE3'}, {'name': '11.14 星巴克1005', 'url': 'https://starbucks.joywok.com/api/file/download?id=MTk5B1c0kwGplDbB'}, {'name': '1', 'url': 'https://starbucks.joywok.com/api/file/download?id=de3OU71lRvx7Wjix'}, {'name': '2', 'url': 'https://starbucks.joywok.com/api/file/download?id=efTsJu320aDdOcxC'}, {'name': '3', 'url': 'https://starbucks.joywok.com/api/file/download?id=jxK8iUqNuvtAtZFT'}, {'name': '4', 'url': 'https://starbucks.joywok.com/api/file/download?id=WPbX5obY6YSgiooz'}, {'name': '组 2 (3)', 'url': 'https://starbucks.joywok.com/api/file/download?id=jfuaeYrCxzYEkNxj'}]",11154861,咖啡宝藏系列臻白咖啡花款马克杯355ml,商品,设计意在表现纯白的咖啡花与珍珠的完美结合，优雅气质令人心动。简约精致立体的浮雕加以七彩珠光的釉色，让杯子更生动、立体、丰富。,[],"12/5上市
咖啡宝藏系列"
BuhGTDXVRJSf65V5,aglOZaREQrwSukAz,"[{'name': '11.14 星巴克0895', 'url': 'https://starbucks.joywok.com/openfile/getfile?type=jw_n_maker&id=K0gVeHrVgoTU8Umk'}, {'name': '11.14 星巴克0895', 'url': 'https://starbucks.joywok.com/api/file/download?id=8ZLku8jayOfpiZaB'}, {'name': '1', 'url': 'https://starbucks.joywok.com/api/file/download?id=qnEJIxYPj77IoiFa'}, {'name': '2', 'url': 'https://starbucks.joywok.com/api/file/download?id=LfFxDV5Sq11SWroh'}, {'name': '3', 'url': 'https://starbucks.joywok.com/api/file/download?id=2tvbw2dso4C0qTO3'}, {'name': '4', 'url': 'https://starbucks.joywok.com/api/file/download?id=uy9rTnNNN7x1mtkl'}, {'name': '组 2 (2)', 'url': 'https://starbucks.joywok.com/api/file/download?id=OENH133AX8o9roN7'}]",11154858,咖啡宝藏系列璀璨宝石造型款马克杯340ml,商品,表面不规则凹凸造型的马克杯，杯口和手柄都使用了手绘的真金效果，搭配宝石造型的链条加以点缀，整体简单而高级。提醒：请将宝石造型链条如图所示绕在杯身陈列。,[],"12/5上市
咖啡宝藏系列"
bLRWrUCIOv2dN2Cl,aglOZaREQrwSukAz,"[{'name': '11.14 星巴克0945', 'url': 'https://starbucks.joywok.com/openfile/getfile?type=jw_n_maker&id=onXBnGggn9ntt1Jq'}, {'name': '11.14 星巴克0945', 'url': 'https://starbucks.joywok.com/api/file/download?id=OK81GxWvR5soQEqv'}, {'name': '1', 'url': 'https://starbucks.joywok.com/api/file/download?id=jsj93ITQmwFumRk4'}, {'name': '2', 'url': 'https://starbucks.joywok.com/api/file/download?id=AAvBqIzpt5sO2GeJ'}, {'name': '4', 'url': 'https://starbucks.joywok.com/api/file/download?id=ISdtsGfxxeT8wSoR'}, {'name': '5', 'url': 'https://starbucks.joywok.com/api/file/download?id=6vFrhr7rarErsbu0'}, {'name': '6', 'url': 'https://starbucks.joywok.com/api/file/download?id=fVPgBwdAIrf8l9YN'}, {'name': '组 2 (11)', 'url': 'https://starbucks.joywok.com/api/file/download?id=aFpdltyzpo1DJzy8'}]",11154820,  咖啡宝藏系列臻白提手不锈钢杯(配手绳) 710ml,商品,杯身设计简洁，白色底色、激光logo，加上可拆卸节绳手环配件，纯洁中尽显优雅高贵。不锈钢的杯盖和提手，不仅使用安心，而且质感满满。710ml大容量设计，满足您一天饮水的需求，办公室、出行和健身运动爱好者的好伴侣。,[],"12/5上市
咖啡宝藏系列"
0pUs63b0CMWYTBQv,aglOZaREQrwSukAz,"[{'name': '11.14 星巴克0647', 'url': 'https://starbucks.joywok.com/openfile/getfile?type=jw_n_maker&id=IckVh9LqMc0JQEg5'}, {'name': '11.14 星巴克0647', 'url': 'https://starbucks.joywok.com/api/file/download?id=f2DP2AcFZ0L60XSp'}, {'name': '1', 'url': 'https://starbucks.joywok.com/api/file/download?id=N48yVyMUcn8XCajs'}, {'name': '2', 'url': 'https://starbucks.joywok.com/api/file/download?id=rucXILZxL8MsyOUy'}, {'name': '3', 'url': 'https://starbucks.joywok.com/api/file/download?id=8muBDcQnfR5L5NOj'}, {'name': '4', 'url': 'https://starbucks.joywok.com/api/file/download?id=DQmnKz2mwCSsLP3N'}, {'name': '5', 'url': 'https://starbucks.joywok.com/api/file/download?id=1iZMKbs1Wx5Ej9Gd'}, {'name': '6', 'url': 'https://starbucks.joywok.com/api/file/download?id=7vUb0KVxRjz2Z7xF'}, {'name': '8', 'url': 'https://starbucks.joywok.com/api/file/download?id=sv9ytSv3jH1BzpDM'}, {'name': '组 2 (5)', 'url': 'https://starbucks.joywok.com/api/file/download?id=IsJekLYF2fqrI4wX'}]",11154807,咖啡宝藏系列红色茶滤款不锈钢杯配卡包520ml,商品,茶滤保温杯，杯身如咖啡浆果般璀璨闪耀，另外配有提手和卡包，方便手提外出使用，也可取下直接使用。,[],"12/5上市
咖啡宝藏系列"
5qs3bcsaprvPq7Vu,aglOZaREQrwSukAz,"[{'name': '组 4', 'url': 'https://starbucks.joywok.com/openfile/getfile?type=jw_n_maker&id=dLHUwNxp19Bnt58O'}, {'name': '组 1', 'url': 'https://starbucks.joywok.com/api/file/download?id=0wOJ5sz63TS3sHcA'}, {'name': '组 3', 'url': 'https://starbucks.joywok.com/api/file/download?id=oIllrG0M1aG0rLkS'}, {'name': '组 5', 'url': 'https://starbucks.joywok.com/api/file/download?id=dMH2ymZNs4GdYxIQ'}, {'name': '组 6', 'url': 'https://starbucks.joywok.com/api/file/download?id=Jn7oAHdgEYNeqFgc'}, {'name': '组 2', 'url': 'https://starbucks.joywok.com/api/file/download?id=jpY2qr65NJXbpTLg'}]",11154845,节日礼盒系列随身咖啡杯套装,商品,包袋夹层可携带单只星巴克VIA咖啡，小容量保温杯，适配单只VIA所需水量。随时随地享用美味咖啡。奶白色的杯身，加上咖啡花的点缀，十分的小清新，配置同色系红色包袋，更有节日氛围。,[],"12/5上市
咖啡宝藏系列
节日礼盒"
rUAQs7U9QJv93hYe,aglOZaREQrwSukAz,"[{'name': '组 8', 'url': 'https://starbucks.joywok.com/openfile/getfile?type=jw_n_maker&id=A1Hm2aE81qBpAJZ5'}, {'name': '杯子', 'url': 'https://starbucks.joywok.com/api/file/download?id=vMv8yOlyyIorQzMy'}, {'name': '组 7', 'url': 'https://starbucks.joywok.com/api/file/download?id=PEGhq23oBc36DCTi'}, {'name': '组 5', 'url': 'https://starbucks.joywok.com/api/file/download?id=PslPPKko2ZjwYdGm'}, {'name': '组 6', 'url': 'https://starbucks.joywok.com/api/file/download?id=tUJGCEUNHTUM72D3'}, {'name': '组 2', 'url': 'https://starbucks.joywok.com/api/file/download?id=M6Id8AFmm7sZjTe5'}]",11154808,节日礼盒系列Hario联名咖啡手冲套组,商品,咖啡器具领域头部品牌HARIO旗下经典手冲套装之一，新款不锈钢桌面马克杯搭配超细不锈钢滤网滤杯，可充分过滤咖啡渣，适用户外、出差等多种场景。精美礼盒包装是节日送礼的不错选择。,[],"12/5上市
咖啡宝藏系列
节日礼盒"
Qayo8JKnVl73vkom,aglOZaREQrwSukAz,"[{'name': '组 12', 'url': 'https://starbucks.joywok.com/openfile/getfile?type=jw_n_maker&id=1yBZIZZPr9PdEciy'}, {'name': 'merch-1', 'url': 'https://starbucks.joywok.com/api/file/download?id=JqbSpiDK9JpIF8P1'}, {'name': '组 8', 'url': 'https://starbucks.joywok.com/api/file/download?id=fu3IncpKOsBbzwSx'}, {'name': '组 7', 'url': 'https://starbucks.joywok.com/api/file/download?id=U1Jpj7KeC6OGdMLs'}, {'name': '组 9', 'url': 'https://starbucks.joywok.com/api/file/download?id=Sn9bx5N6eJ3Fyx9V'}, {'name': '组 10', 'url': 'https://starbucks.joywok.com/api/file/download?id=j2lZF10IK8UhB0OX'}, {'name': '组 2', 'url': 'https://starbucks.joywok.com/api/file/download?id=VytEwR3ARP86uMog'}]",11154809,节日礼盒系列Hario联名咖啡手冲聪明杯套组 ,商品,仅RB/RO/臻选咖啡焙烤坊销售咖啡器具领域头部品牌HARIO旗下经典手冲套装之一，手冲咖啡聪明杯，浸泡式萃取，一键按压，实现焖蒸功能。圆锥V造型，内壁螺旋纹设计增加水流路径，使咖啡充分萃取。适用户外、出差等多种场景。精美礼盒包装是节日送礼的不错选择。,[],"12/5上市
咖啡宝藏系列
节日礼盒
RB/RO/臻选咖啡焙烤坊销售"
EvCmoRbit00JK1kl,aglOZaREQrwSukAz,"[{'name': '11.14 星巴克0796', 'url': 'https://starbucks.joywok.com/openfile/getfile?type=jw_n_maker&id=Ya5Q8GuZLs7SYf8e'}, {'name': '11.14 星巴克0796', 'url': 'https://starbucks.joywok.com/api/file/download?id=rJ98ESjPpwnyc6Ao'}, {'name': '1', 'url': 'https://starbucks.joywok.com/api/file/download?id=4gAFoZkReesg5s1B'}, {'name': '4', 'url': 'https://starbucks.joywok.com/api/file/download?id=rPYRsapQeYCFBfr4'}, {'name': '5', 'url': 'https://starbucks.joywok.com/api/file/download?id=ByAE89C97Tf5x2D7'}, {'name': '6', 'url': 'https://starbucks.joywok.com/api/file/download?id=11mxnYApc42ZZcVd'}, {'name': '7', 'url': 'https://starbucks.joywok.com/api/file/download?id=vZRE57pnHXL5BxKF'}, {'name': '8', 'url': 'https://starbucks.joywok.com/api/file/download?id=mx0X615uReP0p19U'}, {'name': '9', 'url': 'https://starbucks.joywok.com/api/file/download?id=r5aNSi3GzWJPEdLN'}, {'name': '组 2 (1)', 'url': 'https://starbucks.joywok.com/api/file/download?id=jm9Q3Felr8jSPyE2'}]",11154821,咖啡宝藏系列双饮口不锈钢杯含配件 650ml,商品,深绿猫眼石效果杯身，从设计上给杯子增加了许多光彩。珠光宝气的可拆卸配件，给杯子增加了几分知性与贵气。敞口设计方便清洗，弧形把手美观贴合手掌，让每次接触都是那么自然；吸管/直饮双饮口设计，实现一杯多种饮用方式，让饮用更欢愉。,[],"12/5上市
咖啡宝藏系列"
tOdXuxjP2ttt30cV,aglOZaREQrwSukAz,"[{'name': '11.14 星巴克0747', 'url': 'https://starbucks.joywok.com/openfile/getfile?type=jw_n_maker&id=e1SWNYgMrLPDTp1J'}, {'name': '11.14 星巴克0747', 'url': 'https://starbucks.joywok.com/api/file/download?id=7shbu1puQ9dpJV0p'}, {'name': '1', 'url': 'https://starbucks.joywok.com/api/file/download?id=vcLra3vQb2RAAvLw'}, {'name': '2', 'url': 'https://starbucks.joywok.com/api/file/download?id=L5rYhbAGN9yK9G8V'}, {'name': '3', 'url': 'https://starbucks.joywok.com/api/file/download?id=4HxQqo6OdbtJ9gXJ'}, {'name': '4', 'url': 'https://starbucks.joywok.com/api/file/download?id=56zN1OpzmBO2FYbD'}, {'name': '5', 'url': 'https://starbucks.joywok.com/api/file/download?id=riknaE0b2GTnTIQK'}, {'name': '6', 'url': 'https://starbucks.joywok.com/api/file/download?id=rJ7uZ9ZdJ5Fqb5kv'}, {'name': '8', 'url': 'https://starbucks.joywok.com/api/file/download?id=05xTiquHv9FxYZz6'}, {'name': '组 2（合并）', 'url': 'https://starbucks.joywok.com/api/file/download?id=UG7fFd7kLjlL19Jr'}]",11154803,咖啡宝藏系列青碧款双盖不锈钢随行杯650ml ,商品,不锈钢保温壶自带拎手，方便携带外出。 上下双杯盖设计，方便冬日家人朋友分享。 下杯自带咖啡粉收纳盒和滤网，冬日户外也可迅速享受一杯美味咖啡。,[],"12/5上市
咖啡宝藏系列"
sdjxpOhv2xN6N1U4,aglOZaREQrwSukAz,"[{'name': '11.14 星巴克0819', 'url': 'https://starbucks.joywok.com/openfile/getfile?type=jw_n_maker&id=eGxRjsIiPSSWYE7R'}, {'name': '11.14 星巴克0819', 'url': 'https://starbucks.joywok.com/api/file/download?id=O3ywGjMEPURJMA23'}, {'name': '1', 'url': 'https://starbucks.joywok.com/api/file/download?id=2zoYD9J5jnxc8noC'}, {'name': '2', 'url': 'https://starbucks.joywok.com/api/file/download?id=AfdVFpV1rQTjl3sF'}, {'name': '3', 'url': 'https://starbucks.joywok.com/api/file/download?id=4cTeubOcmDqBjl5F'}, {'name': '4', 'url': 'https://starbucks.joywok.com/api/file/download?id=dgw6yzeYmOjeuF9D'}, {'name': '组 2 (6)', 'url': 'https://starbucks.joywok.com/api/file/download?id=4DXmlRH7u2yIoztG'}]",11154802,咖啡宝藏系列晶钻绿款不锈钢随行杯355ml,商品,不锈钢保温杯，防洒防漏杯盖，方便随行携带。独特红酒杯造型设计，节日热红酒的最佳保温选择。 生豆绿爆闪褶皱漆，带来闪耀节日氛围。,[],"12/5上市
咖啡宝藏系列"
tziU35qLeKCMeYyR,aglOZaREQrwSukAz,"[{'name': '11.14 星巴克0849', 'url': 'https://starbucks.joywok.com/openfile/getfile?type=jw_n_maker&id=UCklU6whbHnkiaJG'}, {'name': '11.14 星巴克0849', 'url': 'https://starbucks.joywok.com/api/file/download?id=7QR6IR89PbpXIuIU'}, {'name': '1', 'url': 'https://starbucks.joywok.com/api/file/download?id=kUc0qg5y0IAJYFVc'}, {'name': '2', 'url': 'https://starbucks.joywok.com/api/file/download?id=EJKM7nDU812ojDUl'}, {'name': '3', 'url': 'https://starbucks.joywok.com/api/file/download?id=OhaXhrFISIZIyxoF'}, {'name': '组 2 (4)', 'url': 'https://starbucks.joywok.com/api/file/download?id=pVk4zIu7982TmdsV'}]",11154800,咖啡宝藏系列青绿描金款马克杯355ml,商品,"设计灵感来自于咖啡生豆的绿色配色，搭配螺旋形金色把手, 金色勾勒杯身线条，简约大气。",[],"12/5上市
咖啡宝藏系列"
zWQQa888HYe02Chj,aglOZaREQrwSukAz,"[{'name': '11.14 星巴克0681', 'url': 'https://starbucks.joywok.com/openfile/getfile?type=jw_n_maker&id=6RtHHz5JxyjQTU8q'}, {'name': '11.14 星巴克0681', 'url': 'https://starbucks.joywok.com/api/file/download?id=URtddcRsM5UrNC55'}, {'name': '1', 'url': 'https://starbucks.joywok.com/api/file/download?id=6DycpSPrfxmf1Dxb'}, {'name': '2', 'url': 'https://starbucks.joywok.com/api/file/download?id=ucg0UG3VMwlsZbig'}, {'name': '3', 'url': 'https://starbucks.joywok.com/api/file/download?id=sVCpMuYmg7iGXa3Q'}, {'name': '4', 'url': 'https://starbucks.joywok.com/api/file/download?id=7F66zXzjv2w6JvqV'}, {'name': '5', 'url': 'https://starbucks.joywok.com/api/file/download?id=hAg3G8I0u42LrkTe'}, {'name': '组 2 (13)', 'url': 'https://starbucks.joywok.com/api/file/download?id=fBaC55UftRWgNPKM'}]",11154864,咖啡宝藏系列古铜金渐变款不锈钢随行杯577ml,商品,杯盖提手一体设计，方便携带，杯盖连接瓶身避免遗失。咖啡色带金色的渐变，搭配钻石漆，仿佛能看到咖啡豆采摘到烘培，从璞石蜕变到黄金的全过程，整体大方高级，让人眼前一亮。,[],"12/5上市
咖啡宝藏系列"
U6bk2py8GdptKyG3,aglOZaREQrwSukAz,"[{'name': '11.14 星巴克0713', 'url': 'https://starbucks.joywok.com/openfile/getfile?type=jw_n_maker&id=OR3rEYl7z2nScsbt'}, {'name': '11.14 星巴克0713', 'url': 'https://starbucks.joywok.com/api/file/download?id=K33tMTLcX7Y4RgyK'}, {'name': '1', 'url': 'https://starbucks.joywok.com/api/file/download?id=zEdCwNPasRL5L83w'}, {'name': '2', 'url': 'https://starbucks.joywok.com/api/file/download?id=1Pkqln5ej82Bw5Ml'}, {'name': '3', 'url': 'https://starbucks.joywok.com/api/file/download?id=a2x5sYMcRXR8mRVU'}, {'name': '4', 'url': 'https://starbucks.joywok.com/api/file/download?id=QCpNjuaAMrIB6OYA'}, {'name': '组 2 (8)', 'url': 'https://starbucks.joywok.com/api/file/download?id=rTdzU4aCfJGAAKU4'}]",11154862,咖啡宝藏系列复古铜色印章款马克杯355ml,商品,该杯盘组要传达的是咖啡豆最终如“黄金的油脂”，如黄铜以彰显其“成就”阶段。另外，金属釉的特殊效果也让杯子更具特色，搭配同色调金属Siren Logo，足够厚重低调，完美展现了我们要表达的“成就”感。推荐话术：全新咖啡宝藏系列商品上市了！这个复古铜色印章款马克杯造型精致，搭配同款杯盘，工作居家，更加方便实用，用户群体不受限制。,[],"12/5上市
咖啡宝藏系列"
WY8y2fG2VPClTc38,aglOZaREQrwSukAz,"[{'name': '11.14 星巴克0688', 'url': 'https://starbucks.joywok.com/openfile/getfile?type=jw_n_maker&id=YWPKYNvIwHmk5snR'}, {'name': '11.14 星巴克0688', 'url': 'https://starbucks.joywok.com/api/file/download?id=Eag8jWu6qQifXOpb'}, {'name': '1', 'url': 'https://starbucks.joywok.com/api/file/download?id=0ABCkSh3E87gUiVw'}, {'name': '2', 'url': 'https://starbucks.joywok.com/api/file/download?id=g6hK7QDu4lkQEMAq'}, {'name': '3', 'url': 'https://starbucks.joywok.com/api/file/download?id=Cfk0tPjBxXX58XGt'}, {'name': '4', 'url': 'https://starbucks.joywok.com/api/file/download?id=C8d8IodW56oSsze8'}, {'name': '5', 'url': 'https://starbucks.joywok.com/api/file/download?id=w78gbiRAf3rhtcpD'}, {'name': '组 2 (12)', 'url': 'https://starbucks.joywok.com/api/file/download?id=UcPmoK2OUpO6YZK4'}]",11154863,咖啡宝藏系列钻石造型款直饮吸管塑料杯710ml,商品,方型切割宝石杯面，内杯金葱插卡，外杯黑金渐层，精致又高级。710ml大容量水杯，吸管/直饮两用杯盖。干燥的冬季需要保持皮肤好状态，满足每日补水需求。,[],"12/5上市
咖啡宝藏系列"
BGX6rGRaptOJxWjd,aglOZaREQrwSukAz,"[{'name': '11.14 星巴克0517', 'url': 'https://starbucks.joywok.com/openfile/getfile?type=jw_n_maker&id=mC5HKODNgJsHT3VA'}, {'name': '11.14 星巴克0517', 'url': 'https://starbucks.joywok.com/api/file/download?id=YBHRWkPF3baEeQo5'}, {'name': '1', 'url': 'https://starbucks.joywok.com/api/file/download?id=ZVeeGw4co4ya3CSj'}, {'name': '2', 'url': 'https://starbucks.joywok.com/api/file/download?id=Vu7iT3PO4nXaH15w'}, {'name': '3', 'url': 'https://starbucks.joywok.com/api/file/download?id=SC2mxxCybnGgKRL4'}, {'name': '4', 'url': 'https://starbucks.joywok.com/api/file/download?id=NvPSMqWqPpPRQ6Pk'}, {'name': '6', 'url': 'https://starbucks.joywok.com/api/file/download?id=SQzgdz9VTjKq3MyS'}, {'name': '8', 'url': 'https://starbucks.joywok.com/api/file/download?id=EMXuqu3DSHVkNoaB'}, {'name': '组 2 (14)', 'url': 'https://starbucks.joywok.com/api/file/download?id=tJdZNDBy1FY97oDN'}]",11154822,咖啡宝藏系列黑金款不锈钢杯(配口红包) 510ml,商品,杯身设计以庄重的黑色为主调，搭配高贵的金色，整体观感华贵而不失庄重。圆润的杯身，抓握舒适；宽口径可注入不同饮品，便于清洗；杯盖咖啡豆造型滑动开关，方便饮用，可做车载杯。搭配口红包配件，实用且美观。礼盒包装，节日礼赠佳品。,[],"12/5上市
咖啡宝藏系列"
QPY19h8M6z3xXSlJ,aglOZaREQrwSukAz,"[{'name': '11.14 星巴克0534', 'url': 'https://starbucks.joywok.com/openfile/getfile?type=jw_n_maker&id=8SlyaSlqB5NIBiCJ'}, {'name': '11.14 星巴克0534', 'url': 'https://starbucks.joywok.com/api/file/download?id=THnbLdv6mrRBGmkJ'}, {'name': '1', 'url': 'https://starbucks.joywok.com/api/file/download?id=1IOKT9qyHN9DmBEJ'}, {'name': '2', 'url': 'https://starbucks.joywok.com/api/file/download?id=MjNbPeYoy3P3aCUF'}, {'name': '3', 'url': 'https://starbucks.joywok.com/api/file/download?id=XtZ8cc78TUghh1jE'}, {'name': '4', 'url': 'https://starbucks.joywok.com/api/file/download?id=5qLL8xQr8eIklaA8'}, {'name': '组 2 (9)', 'url': 'https://starbucks.joywok.com/api/file/download?id=WmARgkOIqQ8vByY3'}]",11154848,咖啡宝藏系列黑金款膳魔师保温杯990ml,商品,990ml大容量膳魔师保温杯，简约黑金配色，精致大气，背面咖啡宝石简约图案。杯盖一体，户外更便携；旋盖式开启，随时享受温暖时刻；防滑设计，手感舒适。,[],"12/5上市
咖啡宝藏系列"
dVMQ5AJEmp7sdoYc,aglOZaREQrwSukAz,"[{'name': '11.14 星巴克0559', 'url': 'https://starbucks.joywok.com/openfile/getfile?type=jw_n_maker&id=sVjkvNr41hCfmN3N'}, {'name': '11.14 星巴克0559', 'url': 'https://starbucks.joywok.com/api/file/download?id=PsWQ5yZypuNyOlZ7'}, {'name': '1', 'url': 'https://starbucks.joywok.com/api/file/download?id=GLIcRSxT5EJEde2o'}, {'name': '2', 'url': 'https://starbucks.joywok.com/api/file/download?id=rteNcIaHvzp9ctjB'}, {'name': '3', 'url': 'https://starbucks.joywok.com/api/file/download?id=trI54bmBKe4PtBjV'}, {'name': '4', 'url': 'https://starbucks.joywok.com/api/file/download?id=VYOQzNKWohkA0OTc'}, {'name': '组 2 (7)', 'url': 'https://starbucks.joywok.com/api/file/download?id=edoaS7YNjnRApBxC'}]",11154801,咖啡宝藏系列黑金款马克杯（配搅拌棒）355ml,商品,陶瓷桌面杯， 杯身立体棱形切面，真金手绘点缀装饰圆点，搭配贝壳造型搅拌棒。酷黑杯身，金色点缀，外搭配色。,[],"12/5上市
咖啡宝藏系列"
DBfsbe8OEFTZb4Q4,aglOZaREQrwSukAz,"[{'name': '11.14 星巴克0575', 'url': 'https://starbucks.joywok.com/openfile/getfile?type=jw_n_maker&id=L5osF1jRT427fbsX'}, {'name': '11.14 星巴克0575', 'url': 'https://starbucks.joywok.com/api/file/download?id=uHJ91fVr50NyKZIp'}, {'name': '1', 'url': 'https://starbucks.joywok.com/api/file/download?id=oPI9YTM1DrgRPeh4'}, {'name': '2', 'url': 'https://starbucks.joywok.com/api/file/download?id=DB4Vb5H8pUzNqdEj'}, {'name': '3', 'url': 'https://starbucks.joywok.com/api/file/download?id=riVzbAObShlljbzN'}, {'name': '4', 'url': 'https://starbucks.joywok.com/api/file/download?id=hzYCTq5AnDN66dHz'}, {'name': '组 2 (10)', 'url': 'https://starbucks.joywok.com/api/file/download?id=VJ5Fmrt4KF6nwiSs'}]",11154844,咖啡宝藏系列黑金款方形纹玻璃吸管杯600ml,商品,大容量玻璃吸管杯，桌面杯好选择。搭配杯身渐变喷漆菱格纹效果，高级简约。硅胶吸管塞搭配金属咖啡花配饰，打卡拍照，样样拿捏。,[],"12/5上市
咖啡宝藏系列"
DVl6LMRx7IMS2TfD,aglOZaREQrwSukAz,"[{'name': 'Weixin Image_20231129095810', 'url': 'https://starbucks.joywok.com/openfile/getfile?type=jw_n_maker&id=jyrNy5S1aMDgp6J5'}, {'name': 'WeChat_20231128191945', 'url': 'https://starbucks.joywok.com/api/file/download?id=gCUQNNj8URoS6j6v'}]",11096944,新版折叠礼盒,商品,新版折叠礼盒顾客购买商品（当季、过季、核心商品、咖啡器具均可）或 搭配咖啡豆/VIA免煮咖啡/Origami便携式滴滤咖啡，单笔交易金额达到299元及以上，可以提供新版折叠礼盒至顾客.12/5指定门店主配到店（主配清单见订货沟通）12/15起开启全国门店订货礼盒属于自用品，销售时伙伴无需入机礼盒亮点：礼盒纸张优化：使用亲肤纸张，烫金LOGO，搭配礼盒侧面咖啡树叶花纹彰显品牌特色礼盒结构优化：折叠式礼盒，可立式陈列，送礼中的显眼包礼盒容积优化：可以放下大多数商品杯型（包括榴莲吸管杯），满足顾客送礼需求提醒：最上方礼盒安装视频建议伙伴全屏进行观看！以下订货信息请伙伴重点关注： 产品配套订货：SKU  11096944 新版折叠礼盒 1个（12/15起可通过NGBOH订货）SKU  11145414 包装填充物10磅/箱（同豆篮/藤篮内填充物，可共用）,"[{'name': '礼盒', 'file_type': 'jw_n_doc', 'url': 'https://starbucks.joywok.com/api/file/download?id=fArjhq8qSqG2YX8W'}]","12/5上市
12/15门店订货"
LzjAv9pRE1pB9XQl,aglOZaREQrwSukAz,"[{'name': '封2', 'url': 'https://starbucks.joywok.com/openfile/getfile?type=jw_n_maker&id=Nm9IxoHp5ayp59MZ'}, {'name': '视频', 'url': 'https://starbucks.joywok.com/api/file/download?id=0lBQY5GcxfrOgCLf'}, {'name': '2', 'url': 'https://starbucks.joywok.com/api/file/download?id=Ijt35OLXv8555HrR'}, {'name': '3', 'url': 'https://starbucks.joywok.com/api/file/download?id=LuqtWMH0TaqegnbX'}, {'name': '5', 'url': 'https://starbucks.joywok.com/api/file/download?id=j9S9LfYzrUCXr8dk'}, {'name': '8', 'url': 'https://starbucks.joywok.com/api/file/download?id=o3LSt0GGxzoxUtyG'}, {'name': '7', 'url': 'https://starbucks.joywok.com/api/file/download?id=RDvome8qkpZjfzdO'}, {'name': '4', 'url': 'https://starbucks.joywok.com/api/file/download?id=0FjqzIs0P5kq0tj3'}, {'name': '1', 'url': 'https://starbucks.joywok.com/api/file/download?id=mG3t5hQLuhqmW6wM'}, {'name': '6', 'url': 'https://starbucks.joywok.com/api/file/download?id=gKZ5JQJMpwVsZDJB'}]",11155109,CASETIFY合作款会员星礼包,会员星礼包,随着假期的临近，推出一款 CASETIFY合作款会员星礼包，随卡含定制款手机链，共2款可选Starbucks｜CASETiFY“温馨时刻”手机链“温馨时刻”限定手机链灵感源自于圣诞节屋外的寒冬雪景和屋内家人团聚过节的温暖灯光所呈现的经典氛围，白金色为主的整体色调诠释浓浓的圣诞气息，带大家沉浸感受冬季节日的雪景氛围。金色和银色的咖啡豆与星星、雪花等圣诞元素的结合，烘托出冬日里和亲人朋友们团聚温暖室内的温馨时刻，金属与珍珠的鎏金色调搭配凸显高级质感，让你随时随地将圣诞温暖时刻留存于手中。 Starbucks｜CASETiFY“缤纷圣诞”手机链“缤纷圣诞”限定手机链以圣诞树为灵感来源，整体采用经典圣诞树色彩与元素搭配，极具节日氛围。金色与银色为主的咖啡豆与红绿色串珠的碰撞结合，瞬间注满圣诞氛围，再缀上星星点点的金色雪花及星星装饰，在每位消费者在这个暖冬拥有属于自己的“圣诞树”。销售亮点1.“温馨时刻” &“缤纷圣诞”两款可选2.解放双手，安全保护手机3.轻松使用同时保持时尚。星礼包券包含：•指定饮品(含臻选)半价券*2张•指定饮品(含臻选)买1赠1券*2张•指定饮品食品(含臻选)满60-10券*3张30天内绑定 额外赠指定商品 (含臻选) 160-30券*1,[],"12/12上市
合作款
手机链
周边"
HhHZJgS5wVBNM50V,aglOZaREQrwSukAz,"[{'name': 'Weixin Image_20231206141822', 'url': 'https://starbucks.joywok.com/openfile/getfile?type=jw_n_maker&id=ibsGqRpoGb8lt2FP'}, {'name': 'Weixin Image_20231206141822', 'url': 'https://starbucks.joywok.com/api/file/download?id=zMVpDDwN1TtKV59T'}, {'name': 'Weixin Image_20231206141828', 'url': 'https://starbucks.joywok.com/api/file/download?id=FJ0917wWYBMPZh1s'}]",11111111,3OZ无锡巴拉巴拉城市杯,商品,商品da'mai,[],BTS城市系列
PxekokbAap3R5wZb,aglOZaREQrwSukAz,"[{'name': '封2', 'url': 'https://starbucks.joywok.com/openfile/getfile?type=jw_n_maker&id=2bypjo0IKam55xrk'}, {'name': '星巴克洛斐联名键盘', 'url': 'https://starbucks.joywok.com/api/file/download?id=TyydC3HOhixeUt5b'}, {'name': '2', 'url': 'https://starbucks.joywok.com/api/file/download?id=dDIM5mqt5WoCHd80'}, {'name': '3', 'url': 'https://starbucks.joywok.com/api/file/download?id=AVWkebVDxdojuVFu'}, {'name': '7', 'url': 'https://starbucks.joywok.com/api/file/download?id=wKLBSo8Xjvc8ik2G'}, {'name': '1', 'url': 'https://starbucks.joywok.com/api/file/download?id=QhYSOdpKAL7HOuSL'}, {'name': '5', 'url': 'https://starbucks.joywok.com/api/file/download?id=5SFH5jBTro0wLb9c'}, {'name': '4', 'url': 'https://starbucks.joywok.com/api/file/download?id=httEa5FJnZs8NQjj'}, {'name': '8', 'url': 'https://starbucks.joywok.com/api/file/download?id=lSSuJrejsziOrInq'}, {'name': '6', 'url': 'https://starbucks.joywok.com/api/file/download?id=F7GnwwBQr3lkqZ6l'}]",11155108,星洛会员星礼包  ,会员星礼包,随着节日档期进入高潮，最后一波星礼包将重磅推出一款含洛斐联名键盘的星洛会员星礼包，随卡含洛斐蓝牙机械键盘套装1个，共2款颜色可选。销售亮点:1. 装点你的办公桌面，无论在外观还是使用感上都带给你复古的温度。2. 多系统支持，兼容主流电脑，不仅支持有线、蓝牙双模式连接且手机、电脑、平板全设备通用，Windows、Mac、ioS、Android全系统通用。3. 全键无冲，享受更快的输入速度，79键全键同时敲击无冲突无惧各种组合按键，告别高速输入时的卡顿与失误。4. 6°人机工学细心呵护手腕细节，更符合人机工学的6°夹角，配合键帽内凹弧度。5. 堪比S级大促的性价比之选，洛斐官方品质保障。好礼包含:•指定饮品(含臻选)半价券*2•指定饮品(含臻选)买1赠1券*2•指定饮品食品(含臻选)满60-10券*3•30天内绑定，额外赠指定商品 (含臻选) 160-30券*1 最高省267元！,[],"12/19上市
洛斐键盘
机械轴"
JihMTWs5xfRqXk5Z,aglOZaREQrwSukAz,"[{'name': '红丝绒长卷', 'url': 'https://starbucks.joywok.com/openfile/getfile?type=jw_n_maker&id=kTyD331e4k0spyYo'}, {'name': '草莓红丝绒派对卷-打包奉客指引', 'url': 'https://starbucks.joywok.com/api/file/download?id=8NXI5XEK6fhOCc1s'}, {'name': '红丝绒长卷', 'url': 'https://starbucks.joywok.com/api/file/download?id=BRggasuP13jIgM5Z'}, {'name': '0ce2dd4c64fca7ef16c76e5f54d8287', 'url': 'https://starbucks.joywok.com/api/file/download?id=eYK2A65vih11Ge5b'}]",11157408/11153891,草莓红丝绒派对卷 ,食品,销售形式：高单价产品，为降低报废，限店内预定销售，原门店提领；特殊节假日门市也可直接订现货店内销售，订货数量需合理，确保效期内可销售完毕；预售周期：2023.12.19~2024.1.2（冷冻门店售完为止），冷冻门店将主配到店，主配信息请详见12/18【每周订货沟通】，部分晚于12/19到货的冷冻门店，随到货随开始预售；产品介绍：特选草莓果泥与比利时白巧克力融合出甜美风味，适合与家人朋友分享的欢聚甜品！推荐话术：伙伴可配合到店的磁贴板POP向顾客介绍，草莓红丝绒派对卷是欢聚分享装，限时到店，需提前三天预定噢！产品效期：解冻时间32小时（冷冻门店），未开封保质期冷藏2天（预售产品，不做陈列），并建议顾客取货后尽快食用完毕奉客指引：请伙伴移动至最上方 Banner 位置全程阅览奉客视频指引，特别提醒——请将草莓红丝绒派对卷转移至【圣诞蛋糕礼盒】并配上餐具包进行奉客，转移时需注意小心拿取，请勿直接使用到店的物流包装盒奉客预付定金重要提醒：请务必打印定金纸质小票给到顾客，并特别提醒顾客取货时务必携带纸质小票作为取货依据建议搭配：饮品 ：星巴克绵云太妃榛果拿铁、美式咖啡冲煮咖啡 ：星巴克圣诞综合咖啡豆---相关陈列物料、订货及提领周期、预付定金流程、POS操作指引等信息 请伙伴移动至【产品详情】 页进行阅览---,"[{'name': '草莓红丝绒派对卷 ', 'file_type': 'jw_n_doc', 'url': 'https://starbucks.joywok.com/api/file/download?id=yzEjdnfgdM8KPIjU'}]","12/19开始预售
不可星星兑换"
